Year,ticket_geo_region_0me,Style_type,Distribution
2018,Auverge-Rhône-Alpes,Bohème,0.02
2018,Auverge-Rhône-Alpes,Champêtre,0.01
2018,Auverge-Rhône-Alpes,Chic,0.24
2018,Auverge-Rhône-Alpes,Elégant,0.00
2018,Auverge-Rhône-Alpes,Glamour,0.03
2018,Auverge-Rhône-Alpes,Nature,0.32
2018,Auverge-Rhône-Alpes,Original,0.13
2018,Auverge-Rhône-Alpes,Plage,0.02
2018,Auverge-Rhône-Alpes,Romantique,0.02
2018,Auverge-Rhône-Alpes,Traditionnel,0.01
2018,Auverge-Rhône-Alpes,Vintage,0.02
2018,Bourgogne-Franche-Comté,Bohème,0.00
2018,Bourgogne-Franche-Comté,Champêtre,0.00
2018,Bourgogne-Franche-Comté,Chic,0.35
2018,Bourgogne-Franche-Comté,Elégant,0.00
2018,Bourgogne-Franche-Comté,Glamour,0.00
2018,Bourgogne-Franche-Comté,Nature,0.18
2018,Bourgogne-Franche-Comté,Original,0.12
2018,Bourgogne-Franche-Comté,Plage,0.00
2018,Bourgogne-Franche-Comté,Romantique,0.00
2018,Bourgogne-Franche-Comté,Traditionnel,0.00
2018,Bourgogne-Franche-Comté,Vintage,0.00
2018,Bretagne,Bohème,0.05
2018,Bretagne,Champêtre,0.04
2018,Bretagne,Chic,0.26
2018,Bretagne,Elégant,0.00
2018,Bretagne,Glamour,0.00
2018,Bretagne,Nature,0.06
2018,Bretagne,Original,0.19
2018,Bretagne,Plage,0.05
2018,Bretagne,Romantique,0.00
2018,Bretagne,Traditionnel,0.00
2018,Bretagne,Vintage,0.09
2018,Centre-Val de Loire,Bohème,0.07
2018,Centre-Val de Loire,Champêtre,0.11
2018,Centre-Val de Loire,Chic,0.24
2018,Centre-Val de Loire,Elégant,0.00
2018,Centre-Val de Loire,Glamour,0.00
2018,Centre-Val de Loire,Nature,0.00
2018,Centre-Val de Loire,Original,0.19
2018,Centre-Val de Loire,Plage,0.00
2018,Centre-Val de Loire,Romantique,0.00
2018,Centre-Val de Loire,Traditionnel,0.00
2018,Centre-Val de Loire,Vintage,0.06
2018,Corse,Bohème,NA
2018,Corse,Champêtre,NA
2018,Corse,Chic,NA
2018,Corse,Elégant,NA
2018,Corse,Glamour,NA
2018,Corse,Original,NA
2018,Corse,Plage,NA
2018,Corse,Romantique,NA
2018,Corse,Traditionnel,NA
2018,Corse,Vintage,NA
2018,France,Bohème,0.04
2018,France,Champêtre,0.03
2018,France,Chic,0.25
2018,France,Elégant,0.00
2018,France,Glamour,0.01
2018,France,Nature,0.04
2018,France,Original,0.18
2018,France,Plage,0.05
2018,France,Romantique,0.05
2018,France,Traditionnel,0.02
2018,France,Vintage,0.06
2018,Grand-Est,Bohème,0.01
2018,Grand-Est,Champêtre,0.02
2018,Grand-Est,Chic,0.32
2018,Grand-Est,Elégant,0.00
2018,Grand-Est,Glamour,0.00
2018,Grand-Est,Nature,0.00
2018,Grand-Est,Original,0.29
2018,Grand-Est,Plage,0.00
2018,Grand-Est,Romantique,0.00
2018,Grand-Est,Traditionnel,0.00
2018,Grand-Est,Vintage,0.08
2018,Hauts-de-France,Bohème,0.03
2018,Hauts-de-France,Champêtre,0.05
2018,Hauts-de-France,Chic,0.31
2018,Hauts-de-France,Elégant,0.00
2018,Hauts-de-France,Glamour,0.00
2018,Hauts-de-France,Nature,0.09
2018,Hauts-de-France,Original,0.14
2018,Hauts-de-France,Plage,0.04
2018,Hauts-de-France,Romantique,0.01
2018,Hauts-de-France,Traditionnel,0.00
2018,Hauts-de-France,Vintage,0.07
2018,Normandie,Bohème,0.00
2018,Normandie,Champêtre,0.00
2018,Normandie,Chic,0.35
2018,Normandie,Elégant,0.00
2018,Normandie,Glamour,0.00
2018,Normandie,Nature,0.00
2018,Normandie,Original,0.30
2018,Normandie,Plage,0.00
2018,Normandie,Romantique,0.00
2018,Normandie,Traditionnel,0.00
2018,Normandie,Vintage,0.00
2018,Nouvelle-Aquitaine,Bohème,0.02
2018,Nouvelle-Aquitaine,Champêtre,0.04
2018,Nouvelle-Aquitaine,Chic,0.21
2018,Nouvelle-Aquitaine,Elégant,0.00
2018,Nouvelle-Aquitaine,Glamour,0.00
2018,Nouvelle-Aquitaine,Nature,0.16
2018,Nouvelle-Aquitaine,Original,0.18
2018,Nouvelle-Aquitaine,Plage,0.04
2018,Nouvelle-Aquitaine,Romantique,0.02
2018,Nouvelle-Aquitaine,Traditionnel,0.00
2018,Nouvelle-Aquitaine,Vintage,0.03
2018,Occitanie,Bohème,0.07
2018,Occitanie,Champêtre,0.04
2018,Occitanie,Chic,0.28
2018,Occitanie,Elégant,0.00
2018,Occitanie,Glamour,0.00
2018,Occitanie,Nature,0.00
2018,Occitanie,Original,0.19
2018,Occitanie,Plage,0.07
2018,Occitanie,Romantique,0.03
2018,Occitanie,Traditionnel,0.00
2018,Occitanie,Vintage,0.06
2018,Pays de la Loire,Bohème,0.06
2018,Pays de la Loire,Champêtre,0.10
2018,Pays de la Loire,Chic,0.14
2018,Pays de la Loire,Elégant,0.00
2018,Pays de la Loire,Glamour,0.00
2018,Pays de la Loire,Nature,0.11
2018,Pays de la Loire,Original,0.20
2018,Pays de la Loire,Plage,0.03
2018,Pays de la Loire,Romantique,0.06
2018,Pays de la Loire,Traditionnel,0.00
2018,Pays de la Loire,Vintage,0.06
2018,Provence-Alpes-Côte d'Azur,Bohème,0.08
2018,Provence-Alpes-Côte d'Azur,Champêtre,0.06
2018,Provence-Alpes-Côte d'Azur,Chic,0.19
2018,Provence-Alpes-Côte d'Azur,Elégant,0.00
2018,Provence-Alpes-Côte d'Azur,Glamour,0.00
2018,Provence-Alpes-Côte d'Azur,Nature,0.06
2018,Provence-Alpes-Côte d'Azur,Original,0.17
2018,Provence-Alpes-Côte d'Azur,Plage,0.06
2018,Provence-Alpes-Côte d'Azur,Romantique,0.07
2018,Provence-Alpes-Côte d'Azur,Traditionnel,0.00
2018,Provence-Alpes-Côte d'Azur,Vintage,0.03
2018,Île-de-France,Bohème,0.05
2018,Île-de-France,Champêtre,0.03
2018,Île-de-France,Chic,0.23
2018,Île-de-France,Elégant,0.00
2018,Île-de-France,Glamour,0.01
2018,Île-de-France,Nature,0.05
2018,Île-de-France,Original,0.16
2018,Île-de-France,Plage,0.07
2018,Île-de-France,Romantique,0.06
2018,Île-de-France,Traditionnel,0.05
2018,Île-de-France,Vintage,0.07
2019,Auverge-Rhône-Alpes,Bohème,0.02
2019,Auverge-Rhône-Alpes,Champêtre,0.02
2019,Auverge-Rhône-Alpes,Chic,0.23
2019,Auverge-Rhône-Alpes,Elégant,0.00
2019,Auverge-Rhône-Alpes,Glamour,0.02
2019,Auverge-Rhône-Alpes,Nature,0.35
2019,Auverge-Rhône-Alpes,Original,0.10
2019,Auverge-Rhône-Alpes,Plage,0.02
2019,Auverge-Rhône-Alpes,Romantique,0.02
2019,Auverge-Rhône-Alpes,Traditionnel,0.01
2019,Auverge-Rhône-Alpes,Vintage,0.02
2019,Bourgogne-Franche-Comté,Bohème,0.00
2019,Bourgogne-Franche-Comté,Champêtre,0.00
2019,Bourgogne-Franche-Comté,Chic,0.35
2019,Bourgogne-Franche-Comté,Elégant,0.00
2019,Bourgogne-Franche-Comté,Glamour,0.00
2019,Bourgogne-Franche-Comté,Nature,0.19
2019,Bourgogne-Franche-Comté,Original,0.12
2019,Bourgogne-Franche-Comté,Plage,0.00
2019,Bourgogne-Franche-Comté,Romantique,0.00
2019,Bourgogne-Franche-Comté,Traditionnel,0.00
2019,Bourgogne-Franche-Comté,Vintage,0.00
2019,Bretagne,Bohème,0.06
2019,Bretagne,Champêtre,0.06
2019,Bretagne,Chic,0.26
2019,Bretagne,Elégant,0.00
2019,Bretagne,Glamour,0.00
2019,Bretagne,Nature,0.04
2019,Bretagne,Original,0.17
2019,Bretagne,Plage,0.08
2019,Bretagne,Romantique,0.00
2019,Bretagne,Traditionnel,0.00
2019,Bretagne,Vintage,0.08
2019,Centre-Val de Loire,Bohème,0.09
2019,Centre-Val de Loire,Champêtre,0.09
2019,Centre-Val de Loire,Chic,0.26
2019,Centre-Val de Loire,Elégant,0.00
2019,Centre-Val de Loire,Glamour,0.00
2019,Centre-Val de Loire,Nature,0.00
2019,Centre-Val de Loire,Original,0.15
2019,Centre-Val de Loire,Plage,0.00
2019,Centre-Val de Loire,Romantique,0.00
2019,Centre-Val de Loire,Traditionnel,0.00
2019,Centre-Val de Loire,Vintage,0.09
2019,Corse,Bohème,NA
2019,Corse,Champêtre,NA
2019,Corse,Chic,NA
2019,Corse,Elégant,NA
2019,Corse,Glamour,NA
2019,Corse,Nature,NA
2019,Corse,Original,NA
2019,Corse,Plage,NA
2019,Corse,Romantique,NA
2019,Corse,Traditionnel,NA
2019,Corse,Vintage,NA
2019,France,Bohème,0.05
2019,France,Champêtre,0.05
2019,France,Chic,0.26
2019,France,Elégant,0.00
2019,France,Glamour,0.01
2019,France,Nature,0.04
2019,France,Original,0.14
2019,France,Plage,0.05
2019,France,Romantique,0.04
2019,France,Traditionnel,0.03
2019,France,Vintage,0.06
2019,Grand-Est,Bohème,0.03
2019,Grand-Est,Champêtre,0.02
2019,Grand-Est,Chic,0.33
2019,Grand-Est,Elégant,0.00
2019,Grand-Est,Glamour,0.00
2019,Grand-Est,Nature,0.00
2019,Grand-Est,Original,0.29
2019,Grand-Est,Plage,0.00
2019,Grand-Est,Romantique,0.00
2019,Grand-Est,Traditionnel,0.00
2019,Grand-Est,Vintage,0.06
2019,Hauts-de-France,Bohème,0.04
2019,Hauts-de-France,Champêtre,0.09
2019,Hauts-de-France,Chic,0.29
2019,Hauts-de-France,Elégant,0.00
2019,Hauts-de-France,Glamour,0.00
2019,Hauts-de-France,Nature,0.10
2019,Hauts-de-France,Original,0.14
2019,Hauts-de-France,Plage,0.05
2019,Hauts-de-France,Romantique,0.02
2019,Hauts-de-France,Traditionnel,0.00
2019,Hauts-de-France,Vintage,0.07
2019,Normandie,Bohème,0.00
2019,Normandie,Champêtre,0.00
2019,Normandie,Chic,0.38
2019,Normandie,Elégant,0.00
2019,Normandie,Glamour,0.00
2019,Normandie,Nature,0.00
2019,Normandie,Original,0.23
2019,Normandie,Plage,0.00
2019,Normandie,Romantique,0.00
2019,Normandie,Traditionnel,0.00
2019,Normandie,Vintage,0.00
2019,Nouvelle-Aquitaine,Bohème,0.03
2019,Nouvelle-Aquitaine,Champêtre,0.05
2019,Nouvelle-Aquitaine,Chic,0.21
2019,Nouvelle-Aquitaine,Elégant,0.00
2019,Nouvelle-Aquitaine,Glamour,0.00
2019,Nouvelle-Aquitaine,Nature,0.13
2019,Nouvelle-Aquitaine,Original,0.17
2019,Nouvelle-Aquitaine,Plage,0.04
2019,Nouvelle-Aquitaine,Romantique,0.02
2019,Nouvelle-Aquitaine,Traditionnel,0.00
2019,Nouvelle-Aquitaine,Vintage,0.06
2019,Occitanie,Bohème,0.09
2019,Occitanie,Champêtre,0.07
2019,Occitanie,Chic,0.25
2019,Occitanie,Elégant,0.00
2019,Occitanie,Glamour,0.00
2019,Occitanie,Nature,0.00
2019,Occitanie,Original,0.18
2019,Occitanie,Plage,0.08
2019,Occitanie,Romantique,0.02
2019,Occitanie,Traditionnel,0.00
2019,Occitanie,Vintage,0.07
2019,Pays de la Loire,Bohème,0.07
2019,Pays de la Loire,Champêtre,0.08
2019,Pays de la Loire,Chic,0.19
2019,Pays de la Loire,Elégant,0.00
2019,Pays de la Loire,Glamour,0.00
2019,Pays de la Loire,Nature,0.06
2019,Pays de la Loire,Original,0.18
2019,Pays de la Loire,Plage,0.05
2019,Pays de la Loire,Romantique,0.03
2019,Pays de la Loire,Traditionnel,0.00
2019,Pays de la Loire,Vintage,0.05
2019,Provence-Alpes-Côte d'Azur,Bohème,0.11
2019,Provence-Alpes-Côte d'Azur,Champêtre,0.06
2019,Provence-Alpes-Côte d'Azur,Chic,0.17
2019,Provence-Alpes-Côte d'Azur,Elégant,0.00
2019,Provence-Alpes-Côte d'Azur,Glamour,0.00
2019,Provence-Alpes-Côte d'Azur,Nature,0.04
2019,Provence-Alpes-Côte d'Azur,Original,0.19
2019,Provence-Alpes-Côte d'Azur,Plage,0.06
2019,Provence-Alpes-Côte d'Azur,Romantique,0.06
2019,Provence-Alpes-Côte d'Azur,Traditionnel,0.00
2019,Provence-Alpes-Côte d'Azur,Vintage,0.03
2019,Île-de-France,Bohème,0.06
2019,Île-de-France,Champêtre,0.04
2019,Île-de-France,Chic,0.23
2019,Île-de-France,Elégant,0.00
2019,Île-de-France,Glamour,0.02
2019,Île-de-France,Nature,0.04
2019,Île-de-France,Original,0.13
2019,Île-de-France,Plage,0.08
2019,Île-de-France,Romantique,0.06
2019,Île-de-France,Traditionnel,0.05
2019,Île-de-France,Vintage,0.06
2020,Auverge-Rhône-Alpes,Bohème,0.03
2020,Auverge-Rhône-Alpes,Champêtre,0.04
2020,Auverge-Rhône-Alpes,Chic,0.19
2020,Auverge-Rhône-Alpes,Elégant,0.00
2020,Auverge-Rhône-Alpes,Glamour,0.11
2020,Auverge-Rhône-Alpes,Nature,0.25
2020,Auverge-Rhône-Alpes,Original,0.13
2020,Auverge-Rhône-Alpes,Plage,0.02
2020,Auverge-Rhône-Alpes,Romantique,0.03
2020,Auverge-Rhône-Alpes,Traditionnel,0.02
2020,Auverge-Rhône-Alpes,Vintage,0.02
2020,Bourgogne-Franche-Comté,Bohème,0.00
2020,Bourgogne-Franche-Comté,Champêtre,0.00
2020,Bourgogne-Franche-Comté,Chic,0.33
2020,Bourgogne-Franche-Comté,Elégant,0.00
2020,Bourgogne-Franche-Comté,Glamour,0.00
2020,Bourgogne-Franche-Comté,Nature,0.25
2020,Bourgogne-Franche-Comté,Original,0.09
2020,Bourgogne-Franche-Comté,Plage,0.00
2020,Bourgogne-Franche-Comté,Romantique,0.00
2020,Bourgogne-Franche-Comté,Traditionnel,0.00
2020,Bourgogne-Franche-Comté,Vintage,0.00
2020,Bretagne,Bohème,0.09
2020,Bretagne,Champêtre,0.09
2020,Bretagne,Chic,0.22
2020,Bretagne,Elégant,0.00
2020,Bretagne,Glamour,0.00
2020,Bretagne,Nature,0.07
2020,Bretagne,Original,0.12
2020,Bretagne,Plage,0.08
2020,Bretagne,Romantique,0.00
2020,Bretagne,Traditionnel,0.00
2020,Bretagne,Vintage,0.10
2020,Centre-Val de Loire,Bohème,0.08
2020,Centre-Val de Loire,Champêtre,0.12
2020,Centre-Val de Loire,Chic,0.28
2020,Centre-Val de Loire,Elégant,0.00
2020,Centre-Val de Loire,Glamour,0.00
2020,Centre-Val de Loire,Nature,0.00
2020,Centre-Val de Loire,Original,0.19
2020,Centre-Val de Loire,Plage,0.00
2020,Centre-Val de Loire,Romantique,0.00
2020,Centre-Val de Loire,Traditionnel,0.00
2020,Centre-Val de Loire,Vintage,0.04
2020,Corse,Bohème,NA
2020,Corse,Champêtre,NA
2020,Corse,Chic,NA
2020,Corse,Elégant,NA
2020,Corse,Glamour,NA
2020,Corse,Nature,NA
2020,Corse,Original,NA
2020,Corse,Plage,NA
2020,Corse,Romantique,NA
2020,Corse,Traditionnel,NA
2020,Corse,Vintage,NA
2020,France,Bohème,0.05
2020,France,Champêtre,0.07
2020,France,Chic,0.22
2020,France,Elégant,0.00
2020,France,Glamour,0.01
2020,France,Nature,0.06
2020,France,Original,0.16
2020,France,Plage,0.06
2020,France,Romantique,0.04
2020,France,Traditionnel,0.05
2020,France,Vintage,0.05
2020,Grand-Est,Bohème,0.01
2020,Grand-Est,Champêtre,0.02
2020,Grand-Est,Chic,0.41
2020,Grand-Est,Elégant,0.00
2020,Grand-Est,Glamour,0.00
2020,Grand-Est,Nature,0.00
2020,Grand-Est,Original,0.18
2020,Grand-Est,Plage,0.00
2020,Grand-Est,Romantique,0.00
2020,Grand-Est,Traditionnel,0.00
2020,Grand-Est,Vintage,0.04
2020,Hauts-de-France,Bohème,0.04
2020,Hauts-de-France,Champêtre,0.20
2020,Hauts-de-France,Chic,0.26
2020,Hauts-de-France,Elégant,0.00
2020,Hauts-de-France,Glamour,0.00
2020,Hauts-de-France,Nature,0.09
2020,Hauts-de-France,Original,0.11
2020,Hauts-de-France,Plage,0.03
2020,Hauts-de-France,Romantique,0.02
2020,Hauts-de-France,Traditionnel,0.00
2020,Hauts-de-France,Vintage,0.05
2020,Normandie,Bohème,0.00
2020,Normandie,Champêtre,0.00
2020,Normandie,Chic,0.44
2020,Normandie,Elégant,0.00
2020,Normandie,Glamour,0.00
2020,Normandie,Nature,0.00
2020,Normandie,Original,0.13
2020,Normandie,Plage,0.00
2020,Normandie,Romantique,0.00
2020,Normandie,Traditionnel,0.00
2020,Normandie,Vintage,0.00
2020,Nouvelle-Aquitaine,Bohème,0.02
2020,Nouvelle-Aquitaine,Champêtre,0.07
2020,Nouvelle-Aquitaine,Chic,0.21
2020,Nouvelle-Aquitaine,Elégant,0.00
2020,Nouvelle-Aquitaine,Glamour,0.00
2020,Nouvelle-Aquitaine,Nature,0.17
2020,Nouvelle-Aquitaine,Original,0.16
2020,Nouvelle-Aquitaine,Plage,0.05
2020,Nouvelle-Aquitaine,Romantique,0.02
2020,Nouvelle-Aquitaine,Traditionnel,0.00
2020,Nouvelle-Aquitaine,Vintage,0.02
2020,Occitanie,Bohème,0.08
2020,Occitanie,Champêtre,0.10
2020,Occitanie,Chic,0.27
2020,Occitanie,Elégant,0.00
2020,Occitanie,Glamour,0.00
2020,Occitanie,Nature,0.00
2020,Occitanie,Original,0.15
2020,Occitanie,Plage,0.07
2020,Occitanie,Romantique,0.03
2020,Occitanie,Traditionnel,0.00
2020,Occitanie,Vintage,0.06
2020,Pays de la Loire,Bohème,0.10
2020,Pays de la Loire,Champêtre,0.08
2020,Pays de la Loire,Chic,0.17
2020,Pays de la Loire,Elégant,0.00
2020,Pays de la Loire,Glamour,0.00
2020,Pays de la Loire,Nature,0.04
2020,Pays de la Loire,Original,0.30
2020,Pays de la Loire,Plage,0.01
2020,Pays de la Loire,Romantique,0.05
2020,Pays de la Loire,Traditionnel,0.00
2020,Pays de la Loire,Vintage,0.05
2020,Provence-Alpes-Côte d'Azur,Bohème,0.09
2020,Provence-Alpes-Côte d'Azur,Champêtre,0.09
2020,Provence-Alpes-Côte d'Azur,Chic,0.17
2020,Provence-Alpes-Côte d'Azur,Elégant,0.00
2020,Provence-Alpes-Côte d'Azur,Glamour,0.00
2020,Provence-Alpes-Côte d'Azur,Nature,0.06
2020,Provence-Alpes-Côte d'Azur,Original,0.17
2020,Provence-Alpes-Côte d'Azur,Plage,0.05
2020,Provence-Alpes-Côte d'Azur,Romantique,0.06
2020,Provence-Alpes-Côte d'Azur,Traditionnel,0.00
2020,Provence-Alpes-Côte d'Azur,Vintage,0.02
2020,Île-de-France,Bohème,0.06
2020,Île-de-France,Champêtre,0.06
2020,Île-de-France,Chic,0.23
2020,Île-de-France,Elégant,0.00
2020,Île-de-France,Glamour,0.02
2020,Île-de-France,Nature,0.04
2020,Île-de-France,Original,0.12
2020,Île-de-France,Plage,0.06
2020,Île-de-France,Romantique,0.05
2020,Île-de-France,Traditionnel,0.06
2020,Île-de-France,Vintage,0.07