ticket_taxonomy_tag_name,ticket_geo_region_name,Year,Month,avg No_of_tickets,avg Index,Country_chosen
Couturier,Auverge-Rhône-Alpes,2018,0,24.10,0.24,0
Couturier,Auverge-Rhône-Alpes,2018,1,21.54,0.22,0
Couturier,Auverge-Rhône-Alpes,2018,2,27.29,0.28,0
Couturier,Auverge-Rhône-Alpes,2018,3,23.79,0.24,0
Couturier,Auverge-Rhône-Alpes,2018,4,23.77,0.24,0
Couturier,Auverge-Rhône-Alpes,2018,5,24.00,0.24,0
Couturier,Auverge-Rhône-Alpes,2018,6,18.76,0.19,0
Couturier,Auverge-Rhône-Alpes,2018,7,18.53,0.19,0
Couturier,Auverge-Rhône-Alpes,2018,8,19.19,0.20,0
Couturier,Auverge-Rhône-Alpes,2018,9,19.27,0.20,0
Couturier,Auverge-Rhône-Alpes,2018,10,20.64,0.21,0
Couturier,Auverge-Rhône-Alpes,2018,11,17.84,0.18,0
Couturier,Auverge-Rhône-Alpes,2019,0,18.58,0.19,0
Couturier,Auverge-Rhône-Alpes,2019,1,21.19,0.22,0
Couturier,Auverge-Rhône-Alpes,2019,2,25.79,0.26,0
Couturier,Auverge-Rhône-Alpes,2019,3,24.29,0.24,0
Couturier,Auverge-Rhône-Alpes,2019,4,31.87,0.32,0
Couturier,Auverge-Rhône-Alpes,2019,5,25.82,0.26,0
Couturier,Auverge-Rhône-Alpes,2019,6,18.77,0.19,0
Couturier,Auverge-Rhône-Alpes,2019,7,20.39,0.20,0
Couturier,Auverge-Rhône-Alpes,2019,8,23.39,0.24,0
Couturier,Auverge-Rhône-Alpes,2019,9,18.45,0.19,0
Couturier,Auverge-Rhône-Alpes,2019,10,19.83,0.20,0
Couturier,Auverge-Rhône-Alpes,2019,11,20.11,0.21,0
Couturier,Auverge-Rhône-Alpes,2020,0,23.15,0.23,0
Couturier,Auverge-Rhône-Alpes,2020,1,22.71,0.23,0
Couturier,Auverge-Rhône-Alpes,2020,2,14.40,0.15,0
Couturier,Auverge-Rhône-Alpes,2020,3,12.46,0.13,0
Couturier,Bourgogne-Franche-Comté,2018,0,14.78,0.15,0
Couturier,Bourgogne-Franche-Comté,2018,1,17.84,0.18,0
Couturier,Bourgogne-Franche-Comté,2018,2,17.84,0.18,0
Couturier,Bourgogne-Franche-Comté,2018,3,16.88,0.17,0
Couturier,Bourgogne-Franche-Comté,2018,4,14.05,0.14,0
Couturier,Bourgogne-Franche-Comté,2018,5,14.31,0.15,0
Couturier,Bourgogne-Franche-Comté,2018,6,14.43,0.15,0
Couturier,Bourgogne-Franche-Comté,2018,7,12.88,0.13,0
Couturier,Bourgogne-Franche-Comté,2018,8,15.05,0.15,0
Couturier,Bourgogne-Franche-Comté,2018,9,17.44,0.18,0
Couturier,Bourgogne-Franche-Comté,2018,10,13.68,0.14,0
Couturier,Bourgogne-Franche-Comté,2018,11,12.02,0.13,0
Couturier,Bourgogne-Franche-Comté,2019,0,13.92,0.14,0
Couturier,Bourgogne-Franche-Comté,2019,1,14.67,0.15,0
Couturier,Bourgogne-Franche-Comté,2019,2,12.01,0.12,0
Couturier,Bourgogne-Franche-Comté,2019,3,18.30,0.19,0
Couturier,Bourgogne-Franche-Comté,2019,4,16.01,0.16,0
Couturier,Bourgogne-Franche-Comté,2019,5,15.10,0.15,0
Couturier,Bourgogne-Franche-Comté,2019,6,13.83,0.14,0
Couturier,Bourgogne-Franche-Comté,2019,7,16.28,0.17,0
Couturier,Bourgogne-Franche-Comté,2019,8,13.10,0.13,0
Couturier,Bourgogne-Franche-Comté,2019,9,15.31,0.15,0
Couturier,Bourgogne-Franche-Comté,2019,10,11.67,0.12,0
Couturier,Bourgogne-Franche-Comté,2019,11,13.17,0.13,0
Couturier,Bourgogne-Franche-Comté,2020,0,16.07,0.16,0
Couturier,Bourgogne-Franche-Comté,2020,1,18.64,0.19,0
Couturier,Bourgogne-Franche-Comté,2020,2,9.53,0.10,0
Couturier,Bourgogne-Franche-Comté,2020,3,9.93,0.10,0
Couturier,Bretagne,2018,0,21.00,0.21,0
Couturier,Bretagne,2018,1,22.76,0.23,0
Couturier,Bretagne,2018,2,21.46,0.21,0
Couturier,Bretagne,2018,3,21.02,0.21,0
Couturier,Bretagne,2018,4,23.68,0.24,0
Couturier,Bretagne,2018,5,22.20,0.22,0
Couturier,Bretagne,2018,6,23.16,0.23,0
Couturier,Bretagne,2018,7,14.24,0.14,0
Couturier,Bretagne,2018,8,19.24,0.19,0
Couturier,Bretagne,2018,9,15.72,0.16,0
Couturier,Bretagne,2018,10,16.28,0.16,0
Couturier,Bretagne,2018,11,14.65,0.15,0
Couturier,Bretagne,2019,0,20.81,0.21,0
Couturier,Bretagne,2019,1,21.00,0.21,0
Couturier,Bretagne,2019,2,19.68,0.20,0
Couturier,Bretagne,2019,3,18.69,0.19,0
Couturier,Bretagne,2019,4,22.20,0.22,0
Couturier,Bretagne,2019,5,22.94,0.23,0
Couturier,Bretagne,2019,6,18.31,0.18,0
Couturier,Bretagne,2019,7,13.78,0.14,0
Couturier,Bretagne,2019,8,17.98,0.18,0
Couturier,Bretagne,2019,9,21.46,0.21,0
Couturier,Bretagne,2019,10,12.86,0.13,0
Couturier,Bretagne,2019,11,19.46,0.19,0
Couturier,Bretagne,2020,0,22.01,0.22,0
Couturier,Bretagne,2020,1,24.14,0.24,0
Couturier,Bretagne,2020,2,13.84,0.14,0
Couturier,Bretagne,2020,3,7.03,0.07,0
Couturier,Centre-Val de Loire,2018,0,34.93,0.35,0
Couturier,Centre-Val de Loire,2018,1,22.96,0.23,0
Couturier,Centre-Val de Loire,2018,2,26.26,0.26,0
Couturier,Centre-Val de Loire,2018,3,27.06,0.27,0
Couturier,Centre-Val de Loire,2018,4,38.50,0.38,0
Couturier,Centre-Val de Loire,2018,5,26.68,0.27,0
Couturier,Centre-Val de Loire,2018,6,25.19,0.25,0
Couturier,Centre-Val de Loire,2018,7,19.11,0.19,0
Couturier,Centre-Val de Loire,2018,8,21.12,0.21,0
Couturier,Centre-Val de Loire,2018,9,27.22,0.27,0
Couturier,Centre-Val de Loire,2018,10,21.72,0.22,0
Couturier,Centre-Val de Loire,2018,11,27.17,0.27,0
Couturier,Centre-Val de Loire,2019,0,28.05,0.28,0
Couturier,Centre-Val de Loire,2019,1,29.15,0.29,0
Couturier,Centre-Val de Loire,2019,2,29.81,0.30,0
Couturier,Centre-Val de Loire,2019,3,24.89,0.25,0
Couturier,Centre-Val de Loire,2019,4,40.42,0.40,0
Couturier,Centre-Val de Loire,2019,5,29.15,0.29,0
Couturier,Centre-Val de Loire,2019,6,32.45,0.32,0
Couturier,Centre-Val de Loire,2019,7,18.56,0.19,0
Couturier,Centre-Val de Loire,2019,8,26.51,0.27,0
Couturier,Centre-Val de Loire,2019,9,23.79,0.24,0
Couturier,Centre-Val de Loire,2019,10,29.01,0.29,0
Couturier,Centre-Val de Loire,2019,11,23.54,0.24,0
Couturier,Centre-Val de Loire,2020,0,24.75,0.25,0
Couturier,Centre-Val de Loire,2020,1,27.91,0.28,0
Couturier,Centre-Val de Loire,2020,2,18.59,0.19,0
Couturier,Centre-Val de Loire,2020,3,18.43,0.18,0
Couturier,Corse,2018,0,11.92,0.12,0
Couturier,Corse,2018,1,25.04,0.25,0
Couturier,Corse,2018,2,17.23,0.17,0
Couturier,Corse,2018,3,16.01,0.16,0
Couturier,Corse,2018,4,15.10,0.15,0
Couturier,Corse,2018,5,17.76,0.18,0
Couturier,Corse,2018,6,16.01,0.16,0
Couturier,Corse,2018,7,2.12,0.02,0
Couturier,Corse,2018,8,2.12,0.02,0
Couturier,Corse,2018,9,10.34,0.10,0
Couturier,Corse,2018,10,8.22,0.08,0
Couturier,Corse,2018,11,16.54,0.17,0
Couturier,Corse,2019,0,13.12,0.13,0
Couturier,Corse,2019,1,19.21,0.19,0
Couturier,Corse,2019,2,16.96,0.17,0
Couturier,Corse,2019,3,22.39,0.22,0
Couturier,Corse,2019,4,17.49,0.17,0
Couturier,Corse,2019,5,24.17,0.24,0
Couturier,Corse,2019,6,12.46,0.12,0
Couturier,Corse,2019,7,7.42,0.07,0
Couturier,Corse,2019,8,13.89,0.14,0
Couturier,Corse,2019,9,11.26,0.11,0
Couturier,Corse,2019,10,19.74,0.20,0
Couturier,Corse,2019,11,8.59,0.09,0
Couturier,Corse,2020,0,27.16,0.27,0
Couturier,Corse,2020,1,13.25,0.13,0
Couturier,Corse,2020,2,18.34,0.18,0
Couturier,Corse,2020,3,8.22,0.08,0
Couturier,France,2018,0,85.50,0.86,1
Couturier,France,2018,1,76.00,0.76,1
Couturier,France,2018,2,83.00,0.83,1
Couturier,France,2018,3,81.60,0.82,1
Couturier,France,2018,4,76.25,0.76,1
Couturier,France,2018,5,74.50,0.74,1
Couturier,France,2018,6,66.20,0.66,1
Couturier,France,2018,7,63.75,0.64,1
Couturier,France,2018,8,71.00,0.71,1
Couturier,France,2018,9,71.00,0.71,1
Couturier,France,2018,10,61.50,0.62,1
Couturier,France,2018,11,60.80,0.61,1
Couturier,France,2019,0,64.00,0.64,1
Couturier,France,2019,1,74.50,0.74,1
Couturier,France,2019,2,87.60,0.88,1
Couturier,France,2019,3,87.50,0.88,1
Couturier,France,2019,4,86.25,0.86,1
Couturier,France,2019,5,72.00,0.72,1
Couturier,France,2019,6,63.75,0.64,1
Couturier,France,2019,7,72.00,0.72,1
Couturier,France,2019,8,78.20,0.78,1
Couturier,France,2019,9,72.25,0.72,1
Couturier,France,2019,10,70.75,0.71,1
Couturier,France,2019,11,68.00,0.68,1
Couturier,France,2020,0,90.75,0.91,1
Couturier,France,2020,1,78.75,0.79,1
Couturier,France,2020,2,45.80,0.46,1
Couturier,France,2020,3,36.00,0.36,1
Couturier,Grand-Est,2018,0,22.33,0.22,0
Couturier,Grand-Est,2018,1,21.38,0.21,0
Couturier,Grand-Est,2018,2,23.95,0.24,0
Couturier,Grand-Est,2018,3,18.31,0.18,0
Couturier,Grand-Est,2018,4,21.35,0.22,0
Couturier,Grand-Est,2018,5,16.38,0.16,0
Couturier,Grand-Est,2018,6,19.05,0.19,0
Couturier,Grand-Est,2018,7,22.80,0.23,0
Couturier,Grand-Est,2018,8,17.88,0.18,0
Couturier,Grand-Est,2018,9,23.92,0.24,0
Couturier,Grand-Est,2018,10,15.64,0.16,0
Couturier,Grand-Est,2018,11,18.98,0.19,0
Couturier,Grand-Est,2019,0,18.31,0.18,0
Couturier,Grand-Est,2019,1,22.86,0.23,0
Couturier,Grand-Est,2019,2,23.77,0.24,0
Couturier,Grand-Est,2019,3,28.06,0.28,0
Couturier,Grand-Est,2019,4,22.94,0.23,0
Couturier,Grand-Est,2019,5,20.95,0.21,0
Couturier,Grand-Est,2019,6,17.82,0.18,0
Couturier,Grand-Est,2019,7,16.14,0.16,0
Couturier,Grand-Est,2019,8,22.67,0.23,0
Couturier,Grand-Est,2019,9,21.58,0.22,0
Couturier,Grand-Est,2019,10,19.61,0.20,0
Couturier,Grand-Est,2019,11,17.46,0.17,0
Couturier,Grand-Est,2020,0,23.72,0.24,0
Couturier,Grand-Est,2020,1,24.17,0.24,0
Couturier,Grand-Est,2020,2,14.68,0.15,0
Couturier,Grand-Est,2020,3,9.20,0.09,0
Couturier,Hauts-de-France,2018,0,38.75,0.39,0
Couturier,Hauts-de-France,2018,1,36.67,0.37,0
Couturier,Hauts-de-France,2018,2,33.33,0.33,0
Couturier,Hauts-de-France,2018,3,37.84,0.38,0
Couturier,Hauts-de-France,2018,4,38.43,0.38,0
Couturier,Hauts-de-France,2018,5,35.43,0.36,0
Couturier,Hauts-de-France,2018,6,30.84,0.31,0
Couturier,Hauts-de-France,2018,7,29.60,0.30,0
Couturier,Hauts-de-France,2018,8,35.60,0.36,0
Couturier,Hauts-de-France,2018,9,34.58,0.35,0
Couturier,Hauts-de-France,2018,10,25.56,0.26,0
Couturier,Hauts-de-France,2018,11,28.67,0.29,0
Couturier,Hauts-de-France,2019,0,37.21,0.38,0
Couturier,Hauts-de-France,2019,1,34.65,0.35,0
Couturier,Hauts-de-France,2019,2,35.15,0.36,0
Couturier,Hauts-de-France,2019,3,37.76,0.38,0
Couturier,Hauts-de-France,2019,4,42.95,0.43,0
Couturier,Hauts-de-France,2019,5,39.57,0.40,0
Couturier,Hauts-de-France,2019,6,37.54,0.38,0
Couturier,Hauts-de-France,2019,7,35.81,0.36,0
Couturier,Hauts-de-France,2019,8,35.11,0.35,0
Couturier,Hauts-de-France,2019,9,37.63,0.38,0
Couturier,Hauts-de-France,2019,10,33.02,0.33,0
Couturier,Hauts-de-France,2019,11,30.15,0.30,0
Couturier,Hauts-de-France,2020,0,36.57,0.37,0
Couturier,Hauts-de-France,2020,1,39.43,0.40,0
Couturier,Hauts-de-France,2020,2,26.57,0.27,0
Couturier,Hauts-de-France,2020,3,20.11,0.21,0
Couturier,Normandie,2018,0,11.48,0.11,0
Couturier,Normandie,2018,1,12.08,0.12,0
Couturier,Normandie,2018,2,20.70,0.21,0
Couturier,Normandie,2018,3,10.98,0.11,0
Couturier,Normandie,2018,4,14.10,0.14,0
Couturier,Normandie,2018,5,19.50,0.20,0
Couturier,Normandie,2018,6,15.24,0.15,0
Couturier,Normandie,2018,7,12.98,0.13,0
Couturier,Normandie,2018,8,15.36,0.15,0
Couturier,Normandie,2018,9,12.22,0.12,0
Couturier,Normandie,2018,10,18.30,0.18,0
Couturier,Normandie,2018,11,8.70,0.09,0
Couturier,Normandie,2019,0,12.98,0.13,0
Couturier,Normandie,2019,1,19.50,0.20,0
Couturier,Normandie,2019,2,15.30,0.15,0
Couturier,Normandie,2019,3,16.80,0.17,0
Couturier,Normandie,2019,4,19.50,0.20,0
Couturier,Normandie,2019,5,15.96,0.16,0
Couturier,Normandie,2019,6,18.30,0.18,0
Couturier,Normandie,2019,7,12.90,0.13,0
Couturier,Normandie,2019,8,11.76,0.12,0
Couturier,Normandie,2019,9,13.58,0.14,0
Couturier,Normandie,2019,10,12.15,0.12,0
Couturier,Normandie,2019,11,16.02,0.16,0
Couturier,Normandie,2020,0,12.60,0.13,0
Couturier,Normandie,2020,1,15.15,0.15,0
Couturier,Normandie,2020,2,10.38,0.10,0
Couturier,Normandie,2020,3,10.95,0.11,0
Couturier,Nouvelle-Aquitaine,2018,0,19.65,0.19,0
Couturier,Nouvelle-Aquitaine,2018,1,19.76,0.20,0
Couturier,Nouvelle-Aquitaine,2018,2,18.40,0.18,0
Couturier,Nouvelle-Aquitaine,2018,3,21.70,0.21,0
Couturier,Nouvelle-Aquitaine,2018,4,22.30,0.22,0
Couturier,Nouvelle-Aquitaine,2018,5,19.48,0.20,0
Couturier,Nouvelle-Aquitaine,2018,6,14.64,0.15,0
Couturier,Nouvelle-Aquitaine,2018,7,18.32,0.19,0
Couturier,Nouvelle-Aquitaine,2018,8,17.94,0.18,0
Couturier,Nouvelle-Aquitaine,2018,9,17.68,0.18,0
Couturier,Nouvelle-Aquitaine,2018,10,14.84,0.15,0
Couturier,Nouvelle-Aquitaine,2018,11,17.00,0.17,0
Couturier,Nouvelle-Aquitaine,2019,0,17.54,0.18,0
Couturier,Nouvelle-Aquitaine,2019,1,17.93,0.18,0
Couturier,Nouvelle-Aquitaine,2019,2,22.58,0.23,0
Couturier,Nouvelle-Aquitaine,2019,3,21.96,0.22,0
Couturier,Nouvelle-Aquitaine,2019,4,21.68,0.22,0
Couturier,Nouvelle-Aquitaine,2019,5,19.19,0.19,0
Couturier,Nouvelle-Aquitaine,2019,6,16.38,0.16,0
Couturier,Nouvelle-Aquitaine,2019,7,17.05,0.17,0
Couturier,Nouvelle-Aquitaine,2019,8,17.35,0.17,0
Couturier,Nouvelle-Aquitaine,2019,9,19.66,0.20,0
Couturier,Nouvelle-Aquitaine,2019,10,13.82,0.14,0
Couturier,Nouvelle-Aquitaine,2019,11,17.77,0.18,0
Couturier,Nouvelle-Aquitaine,2020,0,20.92,0.21,0
Couturier,Nouvelle-Aquitaine,2020,1,19.53,0.20,0
Couturier,Nouvelle-Aquitaine,2020,2,13.16,0.13,0
Couturier,Nouvelle-Aquitaine,2020,3,9.89,0.10,0
Couturier,Occitanie,2018,0,34.51,0.35,0
Couturier,Occitanie,2018,1,36.47,0.36,0
Couturier,Occitanie,2018,2,32.52,0.33,0
Couturier,Occitanie,2018,3,26.94,0.27,0
Couturier,Occitanie,2018,4,34.07,0.34,0
Couturier,Occitanie,2018,5,25.14,0.25,0
Couturier,Occitanie,2018,6,29.09,0.29,0
Couturier,Occitanie,2018,7,25.51,0.26,0
Couturier,Occitanie,2018,8,24.05,0.25,0
Couturier,Occitanie,2018,9,21.73,0.22,0
Couturier,Occitanie,2018,10,20.27,0.20,0
Couturier,Occitanie,2018,11,27.34,0.28,0
Couturier,Occitanie,2019,0,23.68,0.24,0
Couturier,Occitanie,2019,1,29.05,0.29,0
Couturier,Occitanie,2019,2,30.42,0.31,0
Couturier,Occitanie,2019,3,30.47,0.31,0
Couturier,Occitanie,2019,4,31.31,0.31,0
Couturier,Occitanie,2019,5,27.51,0.28,0
Couturier,Occitanie,2019,6,29.86,0.30,0
Couturier,Occitanie,2019,7,23.79,0.24,0
Couturier,Occitanie,2019,8,29.28,0.30,0
Couturier,Occitanie,2019,9,27.99,0.28,0
Couturier,Occitanie,2019,10,26.49,0.27,0
Couturier,Occitanie,2019,11,36.34,0.37,0
Couturier,Occitanie,2020,0,32.42,0.33,0
Couturier,Occitanie,2020,1,31.95,0.32,0
Couturier,Occitanie,2020,2,16.84,0.17,0
Couturier,Occitanie,2020,3,12.77,0.13,0
Couturier,Pays de la Loire,2018,0,21.03,0.21,0
Couturier,Pays de la Loire,2018,1,23.62,0.24,0
Couturier,Pays de la Loire,2018,2,25.62,0.26,0
Couturier,Pays de la Loire,2018,3,29.23,0.29,0
Couturier,Pays de la Loire,2018,4,27.26,0.27,0
Couturier,Pays de la Loire,2018,5,19.15,0.19,0
Couturier,Pays de la Loire,2018,6,24.82,0.25,0
Couturier,Pays de la Loire,2018,7,23.97,0.24,0
Couturier,Pays de la Loire,2018,8,19.65,0.20,0
Couturier,Pays de la Loire,2018,9,19.97,0.20,0
Couturier,Pays de la Loire,2018,10,16.33,0.16,0
Couturier,Pays de la Loire,2018,11,16.54,0.17,0
Couturier,Pays de la Loire,2019,0,23.85,0.24,0
Couturier,Pays de la Loire,2019,1,31.26,0.31,0
Couturier,Pays de la Loire,2019,2,28.11,0.28,0
Couturier,Pays de la Loire,2019,3,20.92,0.21,0
Couturier,Pays de la Loire,2019,4,27.97,0.28,0
Couturier,Pays de la Loire,2019,5,23.78,0.24,0
Couturier,Pays de la Loire,2019,6,18.45,0.18,0
Couturier,Pays de la Loire,2019,7,20.92,0.21,0
Couturier,Pays de la Loire,2019,8,25.47,0.25,0
Couturier,Pays de la Loire,2019,9,22.33,0.22,0
Couturier,Pays de la Loire,2019,10,22.21,0.22,0
Couturier,Pays de la Loire,2019,11,23.41,0.23,0
Couturier,Pays de la Loire,2020,0,26.44,0.26,0
Couturier,Pays de la Loire,2020,1,27.85,0.28,0
Couturier,Pays de la Loire,2020,2,17.67,0.18,0
Couturier,Pays de la Loire,2020,3,17.16,0.17,0
Couturier,Provence-Alpes-Côte d'Azur,2018,0,31.36,0.31,0
Couturier,Provence-Alpes-Côte d'Azur,2018,1,28.82,0.29,0
Couturier,Provence-Alpes-Côte d'Azur,2018,2,34.42,0.34,0
Couturier,Provence-Alpes-Côte d'Azur,2018,3,35.09,0.35,0
Couturier,Provence-Alpes-Côte d'Azur,2018,4,36.59,0.37,0
Couturier,Provence-Alpes-Côte d'Azur,2018,5,30.09,0.30,0
Couturier,Provence-Alpes-Côte d'Azur,2018,6,21.73,0.22,0
Couturier,Provence-Alpes-Côte d'Azur,2018,7,24.74,0.25,0
Couturier,Provence-Alpes-Côte d'Azur,2018,8,26.72,0.27,0
Couturier,Provence-Alpes-Côte d'Azur,2018,9,35.44,0.35,0
Couturier,Provence-Alpes-Côte d'Azur,2018,10,24.86,0.25,0
Couturier,Provence-Alpes-Côte d'Azur,2018,11,23.26,0.23,0
Couturier,Provence-Alpes-Côte d'Azur,2019,0,24.48,0.24,0
Couturier,Provence-Alpes-Côte d'Azur,2019,1,34.04,0.34,0
Couturier,Provence-Alpes-Côte d'Azur,2019,2,36.11,0.36,0
Couturier,Provence-Alpes-Côte d'Azur,2019,3,36.98,0.37,0
Couturier,Provence-Alpes-Côte d'Azur,2019,4,43.10,0.43,0
Couturier,Provence-Alpes-Côte d'Azur,2019,5,32.13,0.32,0
Couturier,Provence-Alpes-Côte d'Azur,2019,6,34.43,0.34,0
Couturier,Provence-Alpes-Côte d'Azur,2019,7,36.46,0.36,0
Couturier,Provence-Alpes-Côte d'Azur,2019,8,25.09,0.25,0
Couturier,Provence-Alpes-Côte d'Azur,2019,9,26.78,0.27,0
Couturier,Provence-Alpes-Côte d'Azur,2019,10,30.60,0.31,0
Couturier,Provence-Alpes-Côte d'Azur,2019,11,29.58,0.30,0
Couturier,Provence-Alpes-Côte d'Azur,2020,0,37.36,0.37,0
Couturier,Provence-Alpes-Côte d'Azur,2020,1,40.42,0.40,0
Couturier,Provence-Alpes-Côte d'Azur,2020,2,21.22,0.21,0
Couturier,Provence-Alpes-Côte d'Azur,2020,3,16.32,0.16,0
Couturier,Île-de-France,2018,0,69.25,0.69,0
Couturier,Île-de-France,2018,1,61.50,0.62,0
Couturier,Île-de-France,2018,2,77.25,0.77,0
Couturier,Île-de-France,2018,3,69.60,0.70,0
Couturier,Île-de-France,2018,4,71.00,0.71,0
Couturier,Île-de-France,2018,5,71.50,0.72,0
Couturier,Île-de-France,2018,6,65.40,0.65,0
Couturier,Île-de-France,2018,7,64.75,0.65,0
Couturier,Île-de-France,2018,8,66.00,0.66,0
Couturier,Île-de-France,2018,9,64.25,0.64,0
Couturier,Île-de-France,2018,10,66.25,0.66,0
Couturier,Île-de-France,2018,11,56.00,0.56,0
Couturier,Île-de-France,2019,0,58.75,0.59,0
Couturier,Île-de-France,2019,1,69.50,0.70,0
Couturier,Île-de-France,2019,2,67.20,0.67,0
Couturier,Île-de-France,2019,3,75.75,0.76,0
Couturier,Île-de-France,2019,4,81.25,0.81,0
Couturier,Île-de-France,2019,5,66.40,0.66,0
Couturier,Île-de-France,2019,6,53.75,0.54,0
Couturier,Île-de-France,2019,7,65.75,0.66,0
Couturier,Île-de-France,2019,8,64.80,0.65,0
Couturier,Île-de-France,2019,9,67.00,0.67,0
Couturier,Île-de-France,2019,10,63.25,0.63,0
Couturier,Île-de-France,2019,11,59.80,0.60,0
Couturier,Île-de-France,2020,0,83.00,0.83,0
Couturier,Île-de-France,2020,1,66.00,0.66,0
Couturier,Île-de-France,2020,2,43.60,0.44,0
Couturier,Île-de-France,2020,3,33.00,0.33,0
Fleuriste,Auverge-Rhône-Alpes,2018,0,18.41,0.19,0
Fleuriste,Auverge-Rhône-Alpes,2018,1,22.61,0.23,0
Fleuriste,Auverge-Rhône-Alpes,2018,2,19.28,0.19,0
Fleuriste,Auverge-Rhône-Alpes,2018,3,22.94,0.23,0
Fleuriste,Auverge-Rhône-Alpes,2018,4,28.08,0.28,0
Fleuriste,Auverge-Rhône-Alpes,2018,5,25.38,0.26,0
Fleuriste,Auverge-Rhône-Alpes,2018,6,19.34,0.19,0
Fleuriste,Auverge-Rhône-Alpes,2018,7,21.00,0.21,0
Fleuriste,Auverge-Rhône-Alpes,2018,8,19.09,0.19,0
Fleuriste,Auverge-Rhône-Alpes,2018,9,18.63,0.19,0
Fleuriste,Auverge-Rhône-Alpes,2018,10,12.96,0.13,0
Fleuriste,Auverge-Rhône-Alpes,2018,11,14.75,0.15,0
Fleuriste,Auverge-Rhône-Alpes,2019,0,16.70,0.17,0
Fleuriste,Auverge-Rhône-Alpes,2019,1,24.53,0.25,0
Fleuriste,Auverge-Rhône-Alpes,2019,2,20.43,0.21,0
Fleuriste,Auverge-Rhône-Alpes,2019,3,22.07,0.22,0
Fleuriste,Auverge-Rhône-Alpes,2019,4,21.69,0.22,0
Fleuriste,Auverge-Rhône-Alpes,2019,5,23.04,0.24,0
Fleuriste,Auverge-Rhône-Alpes,2019,6,21.37,0.22,0
Fleuriste,Auverge-Rhône-Alpes,2019,7,22.45,0.23,0
Fleuriste,Auverge-Rhône-Alpes,2019,8,19.69,0.20,0
Fleuriste,Auverge-Rhône-Alpes,2019,9,14.74,0.15,0
Fleuriste,Auverge-Rhône-Alpes,2019,10,13.28,0.14,0
Fleuriste,Auverge-Rhône-Alpes,2019,11,14.42,0.15,0
Fleuriste,Auverge-Rhône-Alpes,2020,0,16.98,0.17,0
Fleuriste,Auverge-Rhône-Alpes,2020,1,25.09,0.25,0
Fleuriste,Auverge-Rhône-Alpes,2020,2,10.76,0.11,0
Fleuriste,Auverge-Rhône-Alpes,2020,3,10.94,0.11,0
Fleuriste,Bourgogne-Franche-Comté,2018,0,4.17,0.05,0
Fleuriste,Bourgogne-Franche-Comté,2018,1,11.62,0.12,0
Fleuriste,Bourgogne-Franche-Comté,2018,2,11.50,0.12,0
Fleuriste,Bourgogne-Franche-Comté,2018,3,10.16,0.10,0
Fleuriste,Bourgogne-Franche-Comté,2018,4,14.78,0.15,0
Fleuriste,Bourgogne-Franche-Comté,2018,5,10.06,0.10,0
Fleuriste,Bourgogne-Franche-Comté,2018,6,9.22,0.09,0
Fleuriste,Bourgogne-Franche-Comté,2018,7,10.83,0.11,0
Fleuriste,Bourgogne-Franche-Comté,2018,8,8.38,0.09,0
Fleuriste,Bourgogne-Franche-Comté,2018,9,11.15,0.12,0
Fleuriste,Bourgogne-Franche-Comté,2018,10,8.37,0.08,0
Fleuriste,Bourgogne-Franche-Comté,2018,11,5.66,0.06,0
Fleuriste,Bourgogne-Franche-Comté,2019,0,9.53,0.10,0
Fleuriste,Bourgogne-Franche-Comté,2019,1,12.64,0.13,0
Fleuriste,Bourgogne-Franche-Comté,2019,2,11.29,0.11,0
Fleuriste,Bourgogne-Franche-Comté,2019,3,11.35,0.12,0
Fleuriste,Bourgogne-Franche-Comté,2019,4,13.07,0.13,0
Fleuriste,Bourgogne-Franche-Comté,2019,5,9.18,0.09,0
Fleuriste,Bourgogne-Franche-Comté,2019,6,7.44,0.08,0
Fleuriste,Bourgogne-Franche-Comté,2019,7,6.75,0.07,0
Fleuriste,Bourgogne-Franche-Comté,2019,8,10.97,0.11,0
Fleuriste,Bourgogne-Franche-Comté,2019,9,7.70,0.08,0
Fleuriste,Bourgogne-Franche-Comté,2019,10,6.40,0.07,0
Fleuriste,Bourgogne-Franche-Comté,2019,11,5.46,0.06,0
Fleuriste,Bourgogne-Franche-Comté,2020,0,9.80,0.10,0
Fleuriste,Bourgogne-Franche-Comté,2020,1,8.94,0.09,0
Fleuriste,Bourgogne-Franche-Comté,2020,2,7.14,0.07,0
Fleuriste,Bourgogne-Franche-Comté,2020,3,2.68,0.03,0
Fleuriste,Bretagne,2018,0,21.47,0.21,0
Fleuriste,Bretagne,2018,1,23.56,0.24,0
Fleuriste,Bretagne,2018,2,21.95,0.22,0
Fleuriste,Bretagne,2018,3,19.68,0.20,0
Fleuriste,Bretagne,2018,4,23.56,0.24,0
Fleuriste,Bretagne,2018,5,26.12,0.26,0
Fleuriste,Bretagne,2018,6,18.32,0.18,0
Fleuriste,Bretagne,2018,7,15.10,0.15,0
Fleuriste,Bretagne,2018,8,15.88,0.16,0
Fleuriste,Bretagne,2018,9,15.30,0.15,0
Fleuriste,Bretagne,2018,10,9.41,0.09,0
Fleuriste,Bretagne,2018,11,9.73,0.10,0
Fleuriste,Bretagne,2019,0,19.57,0.20,0
Fleuriste,Bretagne,2019,1,18.05,0.18,0
Fleuriste,Bretagne,2019,2,19.84,0.20,0
Fleuriste,Bretagne,2019,3,21.38,0.21,0
Fleuriste,Bretagne,2019,4,17.86,0.18,0
Fleuriste,Bretagne,2019,5,27.36,0.27,0
Fleuriste,Bretagne,2019,6,14.73,0.15,0
Fleuriste,Bretagne,2019,7,24.04,0.24,0
Fleuriste,Bretagne,2019,8,17.02,0.17,0
Fleuriste,Bretagne,2019,9,17.29,0.17,0
Fleuriste,Bretagne,2019,10,17.95,0.18,0
Fleuriste,Bretagne,2019,11,14.97,0.15,0
Fleuriste,Bretagne,2020,0,23.66,0.24,0
Fleuriste,Bretagne,2020,1,23.37,0.23,0
Fleuriste,Bretagne,2020,2,13.76,0.14,0
Fleuriste,Bretagne,2020,3,9.69,0.10,0
Fleuriste,Centre-Val de Loire,2018,0,13.64,0.14,0
Fleuriste,Centre-Val de Loire,2018,1,29.81,0.30,0
Fleuriste,Centre-Val de Loire,2018,2,26.18,0.26,0
Fleuriste,Centre-Val de Loire,2018,3,22.97,0.23,0
Fleuriste,Centre-Val de Loire,2018,4,23.54,0.24,0
Fleuriste,Centre-Val de Loire,2018,5,33.22,0.33,0
Fleuriste,Centre-Val de Loire,2018,6,21.65,0.22,0
Fleuriste,Centre-Val de Loire,2018,7,27.94,0.28,0
Fleuriste,Centre-Val de Loire,2018,8,17.95,0.18,0
Fleuriste,Centre-Val de Loire,2018,9,21.23,0.21,0
Fleuriste,Centre-Val de Loire,2018,10,16.94,0.17,0
Fleuriste,Centre-Val de Loire,2018,11,13.82,0.14,0
Fleuriste,Centre-Val de Loire,2019,0,18.04,0.18,0
Fleuriste,Centre-Val de Loire,2019,1,29.04,0.29,0
Fleuriste,Centre-Val de Loire,2019,2,25.96,0.26,0
Fleuriste,Centre-Val de Loire,2019,3,21.56,0.22,0
Fleuriste,Centre-Val de Loire,2019,4,29.92,0.30,0
Fleuriste,Centre-Val de Loire,2019,5,28.34,0.28,0
Fleuriste,Centre-Val de Loire,2019,6,20.57,0.21,0
Fleuriste,Centre-Val de Loire,2019,7,22.22,0.22,0
Fleuriste,Centre-Val de Loire,2019,8,21.30,0.21,0
Fleuriste,Centre-Val de Loire,2019,9,9.57,0.10,0
Fleuriste,Centre-Val de Loire,2019,10,14.41,0.14,0
Fleuriste,Centre-Val de Loire,2019,11,11.35,0.11,0
Fleuriste,Centre-Val de Loire,2020,0,19.80,0.20,0
Fleuriste,Centre-Val de Loire,2020,1,30.03,0.30,0
Fleuriste,Centre-Val de Loire,2020,2,17.42,0.17,0
Fleuriste,Centre-Val de Loire,2020,3,13.86,0.14,0
Fleuriste,Corse,2018,0,0.90,0.01,0
Fleuriste,Corse,2018,1,1.55,0.02,0
Fleuriste,Corse,2018,2,0.59,0.01,0
Fleuriste,Corse,2018,3,0.68,0.01,0
Fleuriste,Corse,2018,4,0.96,0.01,0
Fleuriste,Corse,2018,5,0.65,0.01,0
Fleuriste,Corse,2018,6,0.80,0.01,0
Fleuriste,Corse,2018,7,0.71,0.01,0
Fleuriste,Corse,2018,8,0.50,0.01,0
Fleuriste,Corse,2018,9,0.69,0.01,0
Fleuriste,Corse,2018,10,0.45,0.00,0
Fleuriste,Corse,2018,11,1.22,0.01,0
Fleuriste,Corse,2019,0,0.76,0.01,0
Fleuriste,Corse,2019,1,1.25,0.01,0
Fleuriste,Corse,2019,2,0.68,0.01,0
Fleuriste,Corse,2019,3,0.70,0.01,0
Fleuriste,Corse,2019,4,0.83,0.01,0
Fleuriste,Corse,2019,5,0.89,0.01,0
Fleuriste,Corse,2019,6,0.78,0.01,0
Fleuriste,Corse,2019,7,0.75,0.01,0
Fleuriste,Corse,2019,8,0.60,0.01,0
Fleuriste,Corse,2019,9,0.64,0.01,0
Fleuriste,Corse,2019,10,0.74,0.01,0
Fleuriste,Corse,2019,11,0.47,0.00,0
Fleuriste,Corse,2020,0,0.52,0.01,0
Fleuriste,Corse,2020,1,1.34,0.01,0
Fleuriste,Corse,2020,2,0.48,0.00,0
Fleuriste,Corse,2020,3,0.00,0.00,0
Fleuriste,France,2018,0,78.00,0.78,1
Fleuriste,France,2018,1,81.25,0.81,1
Fleuriste,France,2018,2,84.50,0.84,1
Fleuriste,France,2018,3,87.20,0.87,1
Fleuriste,France,2018,4,93.50,0.94,1
Fleuriste,France,2018,5,89.00,0.89,1
Fleuriste,France,2018,6,74.40,0.74,1
Fleuriste,France,2018,7,81.50,0.82,1
Fleuriste,France,2018,8,66.40,0.66,1
Fleuriste,France,2018,9,69.00,0.69,1
Fleuriste,France,2018,10,52.25,0.52,1
Fleuriste,France,2018,11,50.00,0.50,1
Fleuriste,France,2019,0,66.00,0.66,1
Fleuriste,France,2019,1,74.75,0.75,1
Fleuriste,France,2019,2,80.20,0.80,1
Fleuriste,France,2019,3,88.25,0.88,1
Fleuriste,France,2019,4,88.00,0.88,1
Fleuriste,France,2019,5,81.80,0.82,1
Fleuriste,France,2019,6,77.50,0.78,1
Fleuriste,France,2019,7,73.50,0.74,1
Fleuriste,France,2019,8,72.00,0.72,1
Fleuriste,France,2019,9,68.00,0.68,1
Fleuriste,France,2019,10,57.25,0.57,1
Fleuriste,France,2019,11,49.40,0.49,1
Fleuriste,France,2020,0,63.25,0.63,1
Fleuriste,France,2020,1,77.25,0.77,1
Fleuriste,France,2020,2,50.80,0.51,1
Fleuriste,France,2020,3,43.50,0.44,1
Fleuriste,Grand-Est,2018,0,11.11,0.11,0
Fleuriste,Grand-Est,2018,1,15.20,0.15,0
Fleuriste,Grand-Est,2018,2,18.48,0.18,0
Fleuriste,Grand-Est,2018,3,18.11,0.18,0
Fleuriste,Grand-Est,2018,4,22.66,0.23,0
Fleuriste,Grand-Est,2018,5,14.45,0.14,0
Fleuriste,Grand-Est,2018,6,14.55,0.15,0
Fleuriste,Grand-Est,2018,7,18.12,0.18,0
Fleuriste,Grand-Est,2018,8,13.71,0.14,0
Fleuriste,Grand-Est,2018,9,9.75,0.10,0
Fleuriste,Grand-Est,2018,10,11.97,0.12,0
Fleuriste,Grand-Est,2018,11,7.71,0.08,0
Fleuriste,Grand-Est,2019,0,14.11,0.14,0
Fleuriste,Grand-Est,2019,1,16.29,0.17,0
Fleuriste,Grand-Est,2019,2,18.11,0.18,0
Fleuriste,Grand-Est,2019,3,16.49,0.16,0
Fleuriste,Grand-Est,2019,4,17.15,0.17,0
Fleuriste,Grand-Est,2019,5,17.31,0.17,0
Fleuriste,Grand-Est,2019,6,21.13,0.21,0
Fleuriste,Grand-Est,2019,7,15.93,0.16,0
Fleuriste,Grand-Est,2019,8,16.92,0.17,0
Fleuriste,Grand-Est,2019,9,11.20,0.11,0
Fleuriste,Grand-Est,2019,10,10.74,0.11,0
Fleuriste,Grand-Est,2019,11,10.02,0.10,0
Fleuriste,Grand-Est,2020,0,14.92,0.15,0
Fleuriste,Grand-Est,2020,1,17.05,0.17,0
Fleuriste,Grand-Est,2020,2,9.73,0.10,0
Fleuriste,Grand-Est,2020,3,16.06,0.16,0
Fleuriste,Hauts-de-France,2018,0,23.80,0.24,0
Fleuriste,Hauts-de-France,2018,1,32.91,0.33,0
Fleuriste,Hauts-de-France,2018,2,34.02,0.34,0
Fleuriste,Hauts-de-France,2018,3,28.87,0.29,0
Fleuriste,Hauts-de-France,2018,4,33.86,0.34,0
Fleuriste,Hauts-de-France,2018,5,33.38,0.34,0
Fleuriste,Hauts-de-France,2018,6,23.13,0.23,0
Fleuriste,Hauts-de-France,2018,7,32.21,0.33,0
Fleuriste,Hauts-de-France,2018,8,23.66,0.24,0
Fleuriste,Hauts-de-France,2018,9,25.49,0.26,0
Fleuriste,Hauts-de-France,2018,10,21.27,0.22,0
Fleuriste,Hauts-de-France,2018,11,14.83,0.15,0
Fleuriste,Hauts-de-France,2019,0,24.92,0.25,0
Fleuriste,Hauts-de-France,2019,1,26.51,0.27,0
Fleuriste,Hauts-de-France,2019,2,31.08,0.31,0
Fleuriste,Hauts-de-France,2019,3,32.41,0.33,0
Fleuriste,Hauts-de-France,2019,4,32.11,0.32,0
Fleuriste,Hauts-de-France,2019,5,32.33,0.33,0
Fleuriste,Hauts-de-France,2019,6,26.79,0.27,0
Fleuriste,Hauts-de-France,2019,7,34.84,0.35,0
Fleuriste,Hauts-de-France,2019,8,28.90,0.29,0
Fleuriste,Hauts-de-France,2019,9,24.79,0.25,0
Fleuriste,Hauts-de-France,2019,10,21.05,0.21,0
Fleuriste,Hauts-de-France,2019,11,15.44,0.16,0
Fleuriste,Hauts-de-France,2020,0,24.39,0.24,0
Fleuriste,Hauts-de-France,2020,1,26.64,0.27,0
Fleuriste,Hauts-de-France,2020,2,15.76,0.16,0
Fleuriste,Hauts-de-France,2020,3,18.74,0.19,0
Fleuriste,Normandie,2018,0,9.10,0.09,0
Fleuriste,Normandie,2018,1,8.26,0.08,0
Fleuriste,Normandie,2018,2,12.22,0.12,0
Fleuriste,Normandie,2018,3,10.30,0.10,0
Fleuriste,Normandie,2018,4,16.06,0.16,0
Fleuriste,Normandie,2018,5,11.76,0.12,0
Fleuriste,Normandie,2018,6,11.60,0.12,0
Fleuriste,Normandie,2018,7,13.78,0.14,0
Fleuriste,Normandie,2018,8,7.33,0.07,0
Fleuriste,Normandie,2018,9,13.98,0.14,0
Fleuriste,Normandie,2018,10,11.24,0.11,0
Fleuriste,Normandie,2018,11,14.25,0.14,0
Fleuriste,Normandie,2019,0,12.54,0.13,0
Fleuriste,Normandie,2019,1,16.58,0.17,0
Fleuriste,Normandie,2019,2,11.49,0.11,0
Fleuriste,Normandie,2019,3,15.79,0.16,0
Fleuriste,Normandie,2019,4,13.72,0.14,0
Fleuriste,Normandie,2019,5,14.30,0.14,0
Fleuriste,Normandie,2019,6,10.92,0.11,0
Fleuriste,Normandie,2019,7,18.40,0.18,0
Fleuriste,Normandie,2019,8,16.33,0.16,0
Fleuriste,Normandie,2019,9,12.54,0.13,0
Fleuriste,Normandie,2019,10,6.96,0.07,0
Fleuriste,Normandie,2019,11,12.06,0.12,0
Fleuriste,Normandie,2020,0,8.84,0.09,0
Fleuriste,Normandie,2020,1,16.77,0.17,0
Fleuriste,Normandie,2020,2,10.04,0.10,0
Fleuriste,Normandie,2020,3,7.28,0.07,0
Fleuriste,Nouvelle-Aquitaine,2018,0,20.49,0.21,0
Fleuriste,Nouvelle-Aquitaine,2018,1,28.10,0.28,0
Fleuriste,Nouvelle-Aquitaine,2018,2,22.81,0.23,0
Fleuriste,Nouvelle-Aquitaine,2018,3,24.06,0.24,0
Fleuriste,Nouvelle-Aquitaine,2018,4,40.31,0.40,0
Fleuriste,Nouvelle-Aquitaine,2018,5,30.89,0.31,0
Fleuriste,Nouvelle-Aquitaine,2018,6,35.17,0.35,0
Fleuriste,Nouvelle-Aquitaine,2018,7,24.90,0.25,0
Fleuriste,Nouvelle-Aquitaine,2018,8,23.18,0.23,0
Fleuriste,Nouvelle-Aquitaine,2018,9,17.93,0.18,0
Fleuriste,Nouvelle-Aquitaine,2018,10,24.80,0.25,0
Fleuriste,Nouvelle-Aquitaine,2018,11,18.13,0.18,0
Fleuriste,Nouvelle-Aquitaine,2019,0,19.74,0.20,0
Fleuriste,Nouvelle-Aquitaine,2019,1,31.40,0.32,0
Fleuriste,Nouvelle-Aquitaine,2019,2,24.75,0.25,0
Fleuriste,Nouvelle-Aquitaine,2019,3,30.06,0.30,0
Fleuriste,Nouvelle-Aquitaine,2019,4,34.32,0.34,0
Fleuriste,Nouvelle-Aquitaine,2019,5,24.92,0.25,0
Fleuriste,Nouvelle-Aquitaine,2019,6,27.77,0.28,0
Fleuriste,Nouvelle-Aquitaine,2019,7,27.33,0.27,0
Fleuriste,Nouvelle-Aquitaine,2019,8,22.21,0.22,0
Fleuriste,Nouvelle-Aquitaine,2019,9,27.16,0.27,0
Fleuriste,Nouvelle-Aquitaine,2019,10,18.95,0.19,0
Fleuriste,Nouvelle-Aquitaine,2019,11,13.86,0.14,0
Fleuriste,Nouvelle-Aquitaine,2020,0,23.59,0.24,0
Fleuriste,Nouvelle-Aquitaine,2020,1,24.02,0.24,0
Fleuriste,Nouvelle-Aquitaine,2020,2,21.15,0.21,0
Fleuriste,Nouvelle-Aquitaine,2020,3,7.84,0.08,0
Fleuriste,Occitanie,2018,0,12.97,0.13,0
Fleuriste,Occitanie,2018,1,19.58,0.20,0
Fleuriste,Occitanie,2018,2,22.36,0.23,0
Fleuriste,Occitanie,2018,3,16.77,0.17,0
Fleuriste,Occitanie,2018,4,23.98,0.24,0
Fleuriste,Occitanie,2018,5,20.94,0.21,0
Fleuriste,Occitanie,2018,6,13.59,0.14,0
Fleuriste,Occitanie,2018,7,20.71,0.21,0
Fleuriste,Occitanie,2018,8,13.35,0.14,0
Fleuriste,Occitanie,2018,9,15.52,0.16,0
Fleuriste,Occitanie,2018,10,13.38,0.14,0
Fleuriste,Occitanie,2018,11,8.70,0.09,0
Fleuriste,Occitanie,2019,0,14.90,0.15,0
Fleuriste,Occitanie,2019,1,16.56,0.17,0
Fleuriste,Occitanie,2019,2,18.74,0.19,0
Fleuriste,Occitanie,2019,3,15.21,0.15,0
Fleuriste,Occitanie,2019,4,21.20,0.22,0
Fleuriste,Occitanie,2019,5,18.66,0.19,0
Fleuriste,Occitanie,2019,6,18.74,0.19,0
Fleuriste,Occitanie,2019,7,16.40,0.17,0
Fleuriste,Occitanie,2019,8,15.07,0.15,0
Fleuriste,Occitanie,2019,9,12.37,0.13,0
Fleuriste,Occitanie,2019,10,14.47,0.15,0
Fleuriste,Occitanie,2019,11,10.83,0.11,0
Fleuriste,Occitanie,2020,0,16.43,0.17,0
Fleuriste,Occitanie,2020,1,20.34,0.21,0
Fleuriste,Occitanie,2020,2,10.27,0.10,0
Fleuriste,Occitanie,2020,3,6.79,0.07,0
Fleuriste,Pays de la Loire,2018,0,21.97,0.22,0
Fleuriste,Pays de la Loire,2018,1,21.86,0.22,0
Fleuriste,Pays de la Loire,2018,2,34.90,0.35,0
Fleuriste,Pays de la Loire,2018,3,25.76,0.26,0
Fleuriste,Pays de la Loire,2018,4,29.02,0.29,0
Fleuriste,Pays de la Loire,2018,5,30.90,0.31,0
Fleuriste,Pays de la Loire,2018,6,26.32,0.26,0
Fleuriste,Pays de la Loire,2018,7,18.57,0.19,0
Fleuriste,Pays de la Loire,2018,8,24.72,0.25,0
Fleuriste,Pays de la Loire,2018,9,19.04,0.19,0
Fleuriste,Pays de la Loire,2018,10,14.92,0.15,0
Fleuriste,Pays de la Loire,2018,11,15.51,0.16,0
Fleuriste,Pays de la Loire,2019,0,18.45,0.18,0
Fleuriste,Pays de la Loire,2019,1,21.03,0.21,0
Fleuriste,Pays de la Loire,2019,2,28.20,0.28,0
Fleuriste,Pays de la Loire,2019,3,31.14,0.31,0
Fleuriste,Pays de la Loire,2019,4,28.20,0.28,0
Fleuriste,Pays de la Loire,2019,5,28.58,0.29,0
Fleuriste,Pays de la Loire,2019,6,25.85,0.26,0
Fleuriste,Pays de la Loire,2019,7,24.20,0.24,0
Fleuriste,Pays de la Loire,2019,8,24.72,0.25,0
Fleuriste,Pays de la Loire,2019,9,18.21,0.18,0
Fleuriste,Pays de la Loire,2019,10,13.98,0.14,0
Fleuriste,Pays de la Loire,2019,11,14.85,0.15,0
Fleuriste,Pays de la Loire,2020,0,27.61,0.28,0
Fleuriste,Pays de la Loire,2020,1,27.97,0.28,0
Fleuriste,Pays de la Loire,2020,2,16.17,0.16,0
Fleuriste,Pays de la Loire,2020,3,7.76,0.08,0
Fleuriste,Provence-Alpes-Côte d'Azur,2018,0,21.55,0.22,0
Fleuriste,Provence-Alpes-Côte d'Azur,2018,1,20.44,0.20,0
Fleuriste,Provence-Alpes-Côte d'Azur,2018,2,22.76,0.23,0
Fleuriste,Provence-Alpes-Côte d'Azur,2018,3,18.57,0.19,0
Fleuriste,Provence-Alpes-Côte d'Azur,2018,4,29.51,0.30,0
Fleuriste,Provence-Alpes-Côte d'Azur,2018,5,24.05,0.24,0
Fleuriste,Provence-Alpes-Côte d'Azur,2018,6,17.46,0.17,0
Fleuriste,Provence-Alpes-Côte d'Azur,2018,7,18.50,0.18,0
Fleuriste,Provence-Alpes-Côte d'Azur,2018,8,17.98,0.18,0
Fleuriste,Provence-Alpes-Côte d'Azur,2018,9,14.43,0.14,0
Fleuriste,Provence-Alpes-Côte d'Azur,2018,10,15.82,0.16,0
Fleuriste,Provence-Alpes-Côte d'Azur,2018,11,13.76,0.14,0
Fleuriste,Provence-Alpes-Côte d'Azur,2019,0,17.85,0.18,0
Fleuriste,Provence-Alpes-Côte d'Azur,2019,1,22.38,0.22,0
Fleuriste,Provence-Alpes-Côte d'Azur,2019,2,21.24,0.21,0
Fleuriste,Provence-Alpes-Côte d'Azur,2019,3,23.96,0.24,0
Fleuriste,Provence-Alpes-Côte d'Azur,2019,4,19.61,0.20,0
Fleuriste,Provence-Alpes-Côte d'Azur,2019,5,23.53,0.24,0
Fleuriste,Provence-Alpes-Côte d'Azur,2019,6,17.30,0.17,0
Fleuriste,Provence-Alpes-Côte d'Azur,2019,7,20.54,0.21,0
Fleuriste,Provence-Alpes-Côte d'Azur,2019,8,17.61,0.18,0
Fleuriste,Provence-Alpes-Côte d'Azur,2019,9,13.60,0.14,0
Fleuriste,Provence-Alpes-Côte d'Azur,2019,10,13.60,0.14,0
Fleuriste,Provence-Alpes-Côte d'Azur,2019,11,8.44,0.08,0
Fleuriste,Provence-Alpes-Côte d'Azur,2020,0,16.37,0.16,0
Fleuriste,Provence-Alpes-Côte d'Azur,2020,1,16.28,0.16,0
Fleuriste,Provence-Alpes-Côte d'Azur,2020,2,9.69,0.10,0
Fleuriste,Provence-Alpes-Côte d'Azur,2020,3,13.32,0.13,0
Fleuriste,Île-de-France,2018,0,54.00,0.54,0
Fleuriste,Île-de-France,2018,1,59.50,0.60,0
Fleuriste,Île-de-France,2018,2,68.00,0.68,0
Fleuriste,Île-de-France,2018,3,68.00,0.68,0
Fleuriste,Île-de-France,2018,4,74.50,0.74,0
Fleuriste,Île-de-France,2018,5,64.50,0.64,0
Fleuriste,Île-de-France,2018,6,54.80,0.55,0
Fleuriste,Île-de-France,2018,7,65.00,0.65,0
Fleuriste,Île-de-France,2018,8,55.20,0.55,0
Fleuriste,Île-de-France,2018,9,59.25,0.59,0
Fleuriste,Île-de-France,2018,10,41.00,0.41,0
Fleuriste,Île-de-France,2018,11,51.40,0.51,0
Fleuriste,Île-de-France,2019,0,58.50,0.58,0
Fleuriste,Île-de-France,2019,1,61.25,0.61,0
Fleuriste,Île-de-France,2019,2,57.20,0.57,0
Fleuriste,Île-de-France,2019,3,72.75,0.73,0
Fleuriste,Île-de-France,2019,4,62.75,0.63,0
Fleuriste,Île-de-France,2019,5,63.60,0.64,0
Fleuriste,Île-de-France,2019,6,50.25,0.50,0
Fleuriste,Île-de-France,2019,7,60.00,0.60,0
Fleuriste,Île-de-France,2019,8,63.00,0.63,0
Fleuriste,Île-de-France,2019,9,53.25,0.53,0
Fleuriste,Île-de-France,2019,10,42.25,0.42,0
Fleuriste,Île-de-France,2019,11,45.40,0.45,0
Fleuriste,Île-de-France,2020,0,47.50,0.48,0
Fleuriste,Île-de-France,2020,1,59.50,0.60,0
Fleuriste,Île-de-France,2020,2,43.80,0.44,0
Fleuriste,Île-de-France,2020,3,30.50,0.30,0
Maquilleur,Auverge-Rhône-Alpes,2018,0,0.00,0.00,0
Maquilleur,Auverge-Rhône-Alpes,2018,1,0.00,0.00,0
Maquilleur,Auverge-Rhône-Alpes,2018,2,0.00,0.00,0
Maquilleur,Auverge-Rhône-Alpes,2018,3,5.47,0.05,0
Maquilleur,Auverge-Rhône-Alpes,2018,4,14.25,0.14,0
Maquilleur,Auverge-Rhône-Alpes,2018,5,13.40,0.13,0
Maquilleur,Auverge-Rhône-Alpes,2018,6,0.00,0.00,0
Maquilleur,Auverge-Rhône-Alpes,2018,7,0.00,0.00,0
Maquilleur,Auverge-Rhône-Alpes,2018,8,5.47,0.05,0
Maquilleur,Auverge-Rhône-Alpes,2018,9,6.84,0.07,0
Maquilleur,Auverge-Rhône-Alpes,2018,10,6.70,0.07,0
Maquilleur,Auverge-Rhône-Alpes,2018,11,0.00,0.00,0
Maquilleur,Auverge-Rhône-Alpes,2018,12,NA,NA,0
Maquilleur,Auverge-Rhône-Alpes,2019,0,0.00,0.00,0
Maquilleur,Auverge-Rhône-Alpes,2019,1,6.70,0.07,0
Maquilleur,Auverge-Rhône-Alpes,2019,2,9.92,0.10,0
Maquilleur,Auverge-Rhône-Alpes,2019,3,6.13,0.06,0
Maquilleur,Auverge-Rhône-Alpes,2019,4,6.13,0.06,0
Maquilleur,Auverge-Rhône-Alpes,2019,5,5.02,0.05,0
Maquilleur,Auverge-Rhône-Alpes,2019,6,6.13,0.06,0
Maquilleur,Auverge-Rhône-Alpes,2019,7,6.70,0.07,0
Maquilleur,Auverge-Rhône-Alpes,2019,8,0.00,0.00,0
Maquilleur,Auverge-Rhône-Alpes,2019,9,0.00,0.00,0
Maquilleur,Auverge-Rhône-Alpes,2019,10,5.56,0.06,0
Maquilleur,Auverge-Rhône-Alpes,2019,11,4.45,0.04,0
Maquilleur,Auverge-Rhône-Alpes,2019,12,NA,NA,0
Maquilleur,Auverge-Rhône-Alpes,2020,0,0.00,0.00,0
Maquilleur,Auverge-Rhône-Alpes,2020,1,10.54,0.11,0
Maquilleur,Auverge-Rhône-Alpes,2020,2,4.10,0.04,0
Maquilleur,Auverge-Rhône-Alpes,2020,3,0.00,0.00,0
Maquilleur,Auverge-Rhône-Alpes,2020,4,NA,NA,0
Maquilleur,Bourgogne-Franche-Comté,2018,1,NA,NA,0
Maquilleur,Bourgogne-Franche-Comté,2018,2,NA,NA,0
Maquilleur,Bourgogne-Franche-Comté,2018,3,NA,NA,0
Maquilleur,Bourgogne-Franche-Comté,2018,4,NA,NA,0
Maquilleur,Bourgogne-Franche-Comté,2018,5,NA,NA,0
Maquilleur,Bourgogne-Franche-Comté,2018,6,NA,NA,0
Maquilleur,Bourgogne-Franche-Comté,2018,7,NA,NA,0
Maquilleur,Bourgogne-Franche-Comté,2018,8,NA,NA,0
Maquilleur,Bourgogne-Franche-Comté,2018,9,NA,NA,0
Maquilleur,Bourgogne-Franche-Comté,2018,10,NA,NA,0
Maquilleur,Bourgogne-Franche-Comté,2018,11,NA,NA,0
Maquilleur,Bourgogne-Franche-Comté,2018,12,NA,NA,0
Maquilleur,Bourgogne-Franche-Comté,2019,1,NA,NA,0
Maquilleur,Bourgogne-Franche-Comté,2019,2,NA,NA,0
Maquilleur,Bourgogne-Franche-Comté,2019,3,NA,NA,0
Maquilleur,Bourgogne-Franche-Comté,2019,4,NA,NA,0
Maquilleur,Bourgogne-Franche-Comté,2019,5,NA,NA,0
Maquilleur,Bourgogne-Franche-Comté,2019,6,NA,NA,0
Maquilleur,Bourgogne-Franche-Comté,2019,7,NA,NA,0
Maquilleur,Bourgogne-Franche-Comté,2019,8,NA,NA,0
Maquilleur,Bourgogne-Franche-Comté,2019,9,NA,NA,0
Maquilleur,Bourgogne-Franche-Comté,2019,10,NA,NA,0
Maquilleur,Bourgogne-Franche-Comté,2019,11,NA,NA,0
Maquilleur,Bourgogne-Franche-Comté,2019,12,NA,NA,0
Maquilleur,Bourgogne-Franche-Comté,2020,1,NA,NA,0
Maquilleur,Bourgogne-Franche-Comté,2020,2,NA,NA,0
Maquilleur,Bourgogne-Franche-Comté,2020,3,NA,NA,0
Maquilleur,Bourgogne-Franche-Comté,2020,4,NA,NA,0
Maquilleur,Bretagne,2018,1,NA,NA,0
Maquilleur,Bretagne,2018,2,NA,NA,0
Maquilleur,Bretagne,2018,3,NA,NA,0
Maquilleur,Bretagne,2018,4,NA,NA,0
Maquilleur,Bretagne,2018,5,NA,NA,0
Maquilleur,Bretagne,2018,6,NA,NA,0
Maquilleur,Bretagne,2018,7,NA,NA,0
Maquilleur,Bretagne,2018,8,NA,NA,0
Maquilleur,Bretagne,2018,9,NA,NA,0
Maquilleur,Bretagne,2018,10,NA,NA,0
Maquilleur,Bretagne,2018,11,NA,NA,0
Maquilleur,Bretagne,2018,12,NA,NA,0
Maquilleur,Bretagne,2019,1,NA,NA,0
Maquilleur,Bretagne,2019,2,NA,NA,0
Maquilleur,Bretagne,2019,3,NA,NA,0
Maquilleur,Bretagne,2019,4,NA,NA,0
Maquilleur,Bretagne,2019,5,NA,NA,0
Maquilleur,Bretagne,2019,6,NA,NA,0
Maquilleur,Bretagne,2019,7,NA,NA,0
Maquilleur,Bretagne,2019,8,NA,NA,0
Maquilleur,Bretagne,2019,9,NA,NA,0
Maquilleur,Bretagne,2019,10,NA,NA,0
Maquilleur,Bretagne,2019,11,NA,NA,0
Maquilleur,Bretagne,2019,12,NA,NA,0
Maquilleur,Bretagne,2020,1,NA,NA,0
Maquilleur,Bretagne,2020,2,NA,NA,0
Maquilleur,Bretagne,2020,3,NA,NA,0
Maquilleur,Bretagne,2020,4,NA,NA,0
Maquilleur,Centre-Val de Loire,2018,1,NA,NA,0
Maquilleur,Centre-Val de Loire,2018,2,NA,NA,0
Maquilleur,Centre-Val de Loire,2018,3,NA,NA,0
Maquilleur,Centre-Val de Loire,2018,4,NA,NA,0
Maquilleur,Centre-Val de Loire,2018,5,NA,NA,0
Maquilleur,Centre-Val de Loire,2018,6,NA,NA,0
Maquilleur,Centre-Val de Loire,2018,7,NA,NA,0
Maquilleur,Centre-Val de Loire,2018,8,NA,NA,0
Maquilleur,Centre-Val de Loire,2018,9,NA,NA,0
Maquilleur,Centre-Val de Loire,2018,10,NA,NA,0
Maquilleur,Centre-Val de Loire,2018,11,NA,NA,0
Maquilleur,Centre-Val de Loire,2018,12,NA,NA,0
Maquilleur,Centre-Val de Loire,2019,1,NA,NA,0
Maquilleur,Centre-Val de Loire,2019,2,NA,NA,0
Maquilleur,Centre-Val de Loire,2019,3,NA,NA,0
Maquilleur,Centre-Val de Loire,2019,4,NA,NA,0
Maquilleur,Centre-Val de Loire,2019,5,NA,NA,0
Maquilleur,Centre-Val de Loire,2019,6,NA,NA,0
Maquilleur,Centre-Val de Loire,2019,7,NA,NA,0
Maquilleur,Centre-Val de Loire,2019,8,NA,NA,0
Maquilleur,Centre-Val de Loire,2019,9,NA,NA,0
Maquilleur,Centre-Val de Loire,2019,10,NA,NA,0
Maquilleur,Centre-Val de Loire,2019,11,NA,NA,0
Maquilleur,Centre-Val de Loire,2019,12,NA,NA,0
Maquilleur,Centre-Val de Loire,2020,1,NA,NA,0
Maquilleur,Centre-Val de Loire,2020,2,NA,NA,0
Maquilleur,Centre-Val de Loire,2020,3,NA,NA,0
Maquilleur,Centre-Val de Loire,2020,4,NA,NA,0
Maquilleur,Corse,2018,1,NA,NA,0
Maquilleur,Corse,2018,2,NA,NA,0
Maquilleur,Corse,2018,3,NA,NA,0
Maquilleur,Corse,2018,4,NA,NA,0
Maquilleur,Corse,2018,5,NA,NA,0
Maquilleur,Corse,2018,6,NA,NA,0
Maquilleur,Corse,2018,7,NA,NA,0
Maquilleur,Corse,2018,8,NA,NA,0
Maquilleur,Corse,2018,9,NA,NA,0
Maquilleur,Corse,2018,10,NA,NA,0
Maquilleur,Corse,2018,11,NA,NA,0
Maquilleur,Corse,2018,12,NA,NA,0
Maquilleur,Corse,2019,1,NA,NA,0
Maquilleur,Corse,2019,2,NA,NA,0
Maquilleur,Corse,2019,3,NA,NA,0
Maquilleur,Corse,2019,4,NA,NA,0
Maquilleur,Corse,2019,5,NA,NA,0
Maquilleur,Corse,2019,6,NA,NA,0
Maquilleur,Corse,2019,7,NA,NA,0
Maquilleur,Corse,2019,8,NA,NA,0
Maquilleur,Corse,2019,9,NA,NA,0
Maquilleur,Corse,2019,10,NA,NA,0
Maquilleur,Corse,2019,11,NA,NA,0
Maquilleur,Corse,2019,12,NA,NA,0
Maquilleur,Corse,2020,1,NA,NA,0
Maquilleur,Corse,2020,2,NA,NA,0
Maquilleur,Corse,2020,3,NA,NA,0
Maquilleur,Corse,2020,4,NA,NA,0
Maquilleur,France,2018,0,31.50,0.32,1
Maquilleur,France,2018,1,34.25,0.34,1
Maquilleur,France,2018,2,31.75,0.32,1
Maquilleur,France,2018,3,38.80,0.39,1
Maquilleur,France,2018,4,68.50,0.68,1
Maquilleur,France,2018,5,46.75,0.47,1
Maquilleur,France,2018,6,51.80,0.52,1
Maquilleur,France,2018,7,66.50,0.66,1
Maquilleur,France,2018,8,37.20,0.37,1
Maquilleur,France,2018,9,28.00,0.28,1
Maquilleur,France,2018,10,19.00,0.19,1
Maquilleur,France,2018,11,28.60,0.29,1
Maquilleur,France,2019,0,26.75,0.27,1
Maquilleur,France,2019,1,44.75,0.45,1
Maquilleur,France,2019,2,53.20,0.53,1
Maquilleur,France,2019,3,49.75,0.50,1
Maquilleur,France,2019,4,43.75,0.44,1
Maquilleur,France,2019,5,33.20,0.33,1
Maquilleur,France,2019,6,40.75,0.41,1
Maquilleur,France,2019,7,36.25,0.36,1
Maquilleur,France,2019,8,25.60,0.26,1
Maquilleur,France,2019,9,34.75,0.35,1
Maquilleur,France,2019,10,13.75,0.14,1
Maquilleur,France,2019,11,8.00,0.08,1
Maquilleur,France,2020,0,30.25,0.30,1
Maquilleur,France,2020,1,43.25,0.43,1
Maquilleur,France,2020,2,23.40,0.23,1
Maquilleur,France,2020,3,23.50,0.24,1
Maquilleur,Grand-Est,2018,1,NA,NA,0
Maquilleur,Grand-Est,2018,2,NA,NA,0
Maquilleur,Grand-Est,2018,3,NA,NA,0
Maquilleur,Grand-Est,2018,4,NA,NA,0
Maquilleur,Grand-Est,2018,5,NA,NA,0
Maquilleur,Grand-Est,2018,6,NA,NA,0
Maquilleur,Grand-Est,2018,7,NA,NA,0
Maquilleur,Grand-Est,2018,8,NA,NA,0
Maquilleur,Grand-Est,2018,9,NA,NA,0
Maquilleur,Grand-Est,2018,10,NA,NA,0
Maquilleur,Grand-Est,2018,11,NA,NA,0
Maquilleur,Grand-Est,2018,12,NA,NA,0
Maquilleur,Grand-Est,2019,1,NA,NA,0
Maquilleur,Grand-Est,2019,2,NA,NA,0
Maquilleur,Grand-Est,2019,3,NA,NA,0
Maquilleur,Grand-Est,2019,4,NA,NA,0
Maquilleur,Grand-Est,2019,5,NA,NA,0
Maquilleur,Grand-Est,2019,6,NA,NA,0
Maquilleur,Grand-Est,2019,7,NA,NA,0
Maquilleur,Grand-Est,2019,8,NA,NA,0
Maquilleur,Grand-Est,2019,9,NA,NA,0
Maquilleur,Grand-Est,2019,10,NA,NA,0
Maquilleur,Grand-Est,2019,11,NA,NA,0
Maquilleur,Grand-Est,2019,12,NA,NA,0
Maquilleur,Grand-Est,2020,1,NA,NA,0
Maquilleur,Grand-Est,2020,2,NA,NA,0
Maquilleur,Grand-Est,2020,3,NA,NA,0
Maquilleur,Grand-Est,2020,4,NA,NA,0
Maquilleur,Hauts-de-France,2018,1,NA,NA,0
Maquilleur,Hauts-de-France,2018,2,NA,NA,0
Maquilleur,Hauts-de-France,2018,3,NA,NA,0
Maquilleur,Hauts-de-France,2018,4,NA,NA,0
Maquilleur,Hauts-de-France,2018,5,NA,NA,0
Maquilleur,Hauts-de-France,2018,6,NA,NA,0
Maquilleur,Hauts-de-France,2018,7,NA,NA,0
Maquilleur,Hauts-de-France,2018,8,NA,NA,0
Maquilleur,Hauts-de-France,2018,9,NA,NA,0
Maquilleur,Hauts-de-France,2018,10,NA,NA,0
Maquilleur,Hauts-de-France,2018,11,NA,NA,0
Maquilleur,Hauts-de-France,2018,12,NA,NA,0
Maquilleur,Hauts-de-France,2019,1,NA,NA,0
Maquilleur,Hauts-de-France,2019,2,NA,NA,0
Maquilleur,Hauts-de-France,2019,3,NA,NA,0
Maquilleur,Hauts-de-France,2019,4,NA,NA,0
Maquilleur,Hauts-de-France,2019,5,NA,NA,0
Maquilleur,Hauts-de-France,2019,6,NA,NA,0
Maquilleur,Hauts-de-France,2019,7,NA,NA,0
Maquilleur,Hauts-de-France,2019,8,NA,NA,0
Maquilleur,Hauts-de-France,2019,9,NA,NA,0
Maquilleur,Hauts-de-France,2019,10,NA,NA,0
Maquilleur,Hauts-de-France,2019,11,NA,NA,0
Maquilleur,Hauts-de-France,2019,12,NA,NA,0
Maquilleur,Hauts-de-France,2020,1,NA,NA,0
Maquilleur,Hauts-de-France,2020,2,NA,NA,0
Maquilleur,Hauts-de-France,2020,3,NA,NA,0
Maquilleur,Hauts-de-France,2020,4,NA,NA,0
Maquilleur,Normandie,2018,1,NA,NA,0
Maquilleur,Normandie,2018,2,NA,NA,0
Maquilleur,Normandie,2018,3,NA,NA,0
Maquilleur,Normandie,2018,4,NA,NA,0
Maquilleur,Normandie,2018,5,NA,NA,0
Maquilleur,Normandie,2018,6,NA,NA,0
Maquilleur,Normandie,2018,7,NA,NA,0
Maquilleur,Normandie,2018,8,NA,NA,0
Maquilleur,Normandie,2018,9,NA,NA,0
Maquilleur,Normandie,2018,10,NA,NA,0
Maquilleur,Normandie,2018,11,NA,NA,0
Maquilleur,Normandie,2018,12,NA,NA,0
Maquilleur,Normandie,2019,1,NA,NA,0
Maquilleur,Normandie,2019,2,NA,NA,0
Maquilleur,Normandie,2019,3,NA,NA,0
Maquilleur,Normandie,2019,4,NA,NA,0
Maquilleur,Normandie,2019,5,NA,NA,0
Maquilleur,Normandie,2019,6,NA,NA,0
Maquilleur,Normandie,2019,7,NA,NA,0
Maquilleur,Normandie,2019,8,NA,NA,0
Maquilleur,Normandie,2019,9,NA,NA,0
Maquilleur,Normandie,2019,10,NA,NA,0
Maquilleur,Normandie,2019,11,NA,NA,0
Maquilleur,Normandie,2019,12,NA,NA,0
Maquilleur,Normandie,2020,1,NA,NA,0
Maquilleur,Normandie,2020,2,NA,NA,0
Maquilleur,Normandie,2020,3,NA,NA,0
Maquilleur,Normandie,2020,4,NA,NA,0
Maquilleur,Nouvelle-Aquitaine,2018,1,NA,NA,0
Maquilleur,Nouvelle-Aquitaine,2018,2,NA,NA,0
Maquilleur,Nouvelle-Aquitaine,2018,3,NA,NA,0
Maquilleur,Nouvelle-Aquitaine,2018,4,NA,NA,0
Maquilleur,Nouvelle-Aquitaine,2018,5,NA,NA,0
Maquilleur,Nouvelle-Aquitaine,2018,6,NA,NA,0
Maquilleur,Nouvelle-Aquitaine,2018,7,NA,NA,0
Maquilleur,Nouvelle-Aquitaine,2018,8,NA,NA,0
Maquilleur,Nouvelle-Aquitaine,2018,9,NA,NA,0
Maquilleur,Nouvelle-Aquitaine,2018,10,NA,NA,0
Maquilleur,Nouvelle-Aquitaine,2018,11,NA,NA,0
Maquilleur,Nouvelle-Aquitaine,2018,12,NA,NA,0
Maquilleur,Nouvelle-Aquitaine,2019,1,NA,NA,0
Maquilleur,Nouvelle-Aquitaine,2019,2,NA,NA,0
Maquilleur,Nouvelle-Aquitaine,2019,3,NA,NA,0
Maquilleur,Nouvelle-Aquitaine,2019,4,NA,NA,0
Maquilleur,Nouvelle-Aquitaine,2019,5,NA,NA,0
Maquilleur,Nouvelle-Aquitaine,2019,6,NA,NA,0
Maquilleur,Nouvelle-Aquitaine,2019,7,NA,NA,0
Maquilleur,Nouvelle-Aquitaine,2019,8,NA,NA,0
Maquilleur,Nouvelle-Aquitaine,2019,9,NA,NA,0
Maquilleur,Nouvelle-Aquitaine,2019,10,NA,NA,0
Maquilleur,Nouvelle-Aquitaine,2019,11,NA,NA,0
Maquilleur,Nouvelle-Aquitaine,2019,12,NA,NA,0
Maquilleur,Nouvelle-Aquitaine,2020,1,NA,NA,0
Maquilleur,Nouvelle-Aquitaine,2020,2,NA,NA,0
Maquilleur,Nouvelle-Aquitaine,2020,3,NA,NA,0
Maquilleur,Nouvelle-Aquitaine,2020,4,NA,NA,0
Maquilleur,Occitanie,2018,1,NA,NA,0
Maquilleur,Occitanie,2018,2,NA,NA,0
Maquilleur,Occitanie,2018,3,NA,NA,0
Maquilleur,Occitanie,2018,4,NA,NA,0
Maquilleur,Occitanie,2018,5,NA,NA,0
Maquilleur,Occitanie,2018,6,NA,NA,0
Maquilleur,Occitanie,2018,7,NA,NA,0
Maquilleur,Occitanie,2018,8,NA,NA,0
Maquilleur,Occitanie,2018,9,NA,NA,0
Maquilleur,Occitanie,2018,10,NA,NA,0
Maquilleur,Occitanie,2018,11,NA,NA,0
Maquilleur,Occitanie,2018,12,NA,NA,0
Maquilleur,Occitanie,2019,1,NA,NA,0
Maquilleur,Occitanie,2019,2,NA,NA,0
Maquilleur,Occitanie,2019,3,NA,NA,0
Maquilleur,Occitanie,2019,4,NA,NA,0
Maquilleur,Occitanie,2019,5,NA,NA,0
Maquilleur,Occitanie,2019,6,NA,NA,0
Maquilleur,Occitanie,2019,7,NA,NA,0
Maquilleur,Occitanie,2019,8,NA,NA,0
Maquilleur,Occitanie,2019,9,NA,NA,0
Maquilleur,Occitanie,2019,10,NA,NA,0
Maquilleur,Occitanie,2019,11,NA,NA,0
Maquilleur,Occitanie,2019,12,NA,NA,0
Maquilleur,Occitanie,2020,1,NA,NA,0
Maquilleur,Occitanie,2020,2,NA,NA,0
Maquilleur,Occitanie,2020,3,NA,NA,0
Maquilleur,Occitanie,2020,4,NA,NA,0
Maquilleur,Pays de la Loire,2018,1,NA,NA,0
Maquilleur,Pays de la Loire,2018,2,NA,NA,0
Maquilleur,Pays de la Loire,2018,3,NA,NA,0
Maquilleur,Pays de la Loire,2018,4,NA,NA,0
Maquilleur,Pays de la Loire,2018,5,NA,NA,0
Maquilleur,Pays de la Loire,2018,6,NA,NA,0
Maquilleur,Pays de la Loire,2018,7,NA,NA,0
Maquilleur,Pays de la Loire,2018,8,NA,NA,0
Maquilleur,Pays de la Loire,2018,9,NA,NA,0
Maquilleur,Pays de la Loire,2018,10,NA,NA,0
Maquilleur,Pays de la Loire,2018,11,NA,NA,0
Maquilleur,Pays de la Loire,2018,12,NA,NA,0
Maquilleur,Pays de la Loire,2019,1,NA,NA,0
Maquilleur,Pays de la Loire,2019,2,NA,NA,0
Maquilleur,Pays de la Loire,2019,3,NA,NA,0
Maquilleur,Pays de la Loire,2019,4,NA,NA,0
Maquilleur,Pays de la Loire,2019,5,NA,NA,0
Maquilleur,Pays de la Loire,2019,6,NA,NA,0
Maquilleur,Pays de la Loire,2019,7,NA,NA,0
Maquilleur,Pays de la Loire,2019,8,NA,NA,0
Maquilleur,Pays de la Loire,2019,9,NA,NA,0
Maquilleur,Pays de la Loire,2019,10,NA,NA,0
Maquilleur,Pays de la Loire,2019,11,NA,NA,0
Maquilleur,Pays de la Loire,2019,12,NA,NA,0
Maquilleur,Pays de la Loire,2020,1,NA,NA,0
Maquilleur,Pays de la Loire,2020,2,NA,NA,0
Maquilleur,Pays de la Loire,2020,3,NA,NA,0
Maquilleur,Pays de la Loire,2020,4,NA,NA,0
Maquilleur,Provence-Alpes-Côte d'Azur,2018,1,NA,NA,0
Maquilleur,Provence-Alpes-Côte d'Azur,2018,2,NA,NA,0
Maquilleur,Provence-Alpes-Côte d'Azur,2018,3,NA,NA,0
Maquilleur,Provence-Alpes-Côte d'Azur,2018,4,NA,NA,0
Maquilleur,Provence-Alpes-Côte d'Azur,2018,5,NA,NA,0
Maquilleur,Provence-Alpes-Côte d'Azur,2018,6,NA,NA,0
Maquilleur,Provence-Alpes-Côte d'Azur,2018,7,NA,NA,0
Maquilleur,Provence-Alpes-Côte d'Azur,2018,8,NA,NA,0
Maquilleur,Provence-Alpes-Côte d'Azur,2018,9,NA,NA,0
Maquilleur,Provence-Alpes-Côte d'Azur,2018,10,NA,NA,0
Maquilleur,Provence-Alpes-Côte d'Azur,2018,11,NA,NA,0
Maquilleur,Provence-Alpes-Côte d'Azur,2018,12,NA,NA,0
Maquilleur,Provence-Alpes-Côte d'Azur,2019,1,NA,NA,0
Maquilleur,Provence-Alpes-Côte d'Azur,2019,2,NA,NA,0
Maquilleur,Provence-Alpes-Côte d'Azur,2019,3,NA,NA,0
Maquilleur,Provence-Alpes-Côte d'Azur,2019,4,NA,NA,0
Maquilleur,Provence-Alpes-Côte d'Azur,2019,5,NA,NA,0
Maquilleur,Provence-Alpes-Côte d'Azur,2019,6,NA,NA,0
Maquilleur,Provence-Alpes-Côte d'Azur,2019,7,NA,NA,0
Maquilleur,Provence-Alpes-Côte d'Azur,2019,8,NA,NA,0
Maquilleur,Provence-Alpes-Côte d'Azur,2019,9,NA,NA,0
Maquilleur,Provence-Alpes-Côte d'Azur,2019,10,NA,NA,0
Maquilleur,Provence-Alpes-Côte d'Azur,2019,11,NA,NA,0
Maquilleur,Provence-Alpes-Côte d'Azur,2019,12,NA,NA,0
Maquilleur,Provence-Alpes-Côte d'Azur,2020,1,NA,NA,0
Maquilleur,Provence-Alpes-Côte d'Azur,2020,2,NA,NA,0
Maquilleur,Provence-Alpes-Côte d'Azur,2020,3,NA,NA,0
Maquilleur,Provence-Alpes-Côte d'Azur,2020,4,NA,NA,0
Maquilleur,Île-de-France,2018,0,18.25,0.18,0
Maquilleur,Île-de-France,2018,1,31.50,0.32,0
Maquilleur,Île-de-France,2018,2,57.00,0.57,0
Maquilleur,Île-de-France,2018,3,43.00,0.43,0
Maquilleur,Île-de-France,2018,4,39.00,0.39,0
Maquilleur,Île-de-France,2018,5,21.00,0.21,0
Maquilleur,Île-de-France,2018,6,38.80,0.39,0
Maquilleur,Île-de-France,2018,7,54.50,0.55,0
Maquilleur,Île-de-France,2018,8,14.20,0.14,0
Maquilleur,Île-de-France,2018,9,30.75,0.31,0
Maquilleur,Île-de-France,2018,10,18.00,0.18,0
Maquilleur,Île-de-France,2018,11,22.00,0.22,0
Maquilleur,Île-de-France,2019,0,17.75,0.18,0
Maquilleur,Île-de-France,2019,1,24.50,0.24,0
Maquilleur,Île-de-France,2019,2,35.40,0.35,0
Maquilleur,Île-de-France,2019,3,34.25,0.34,0
Maquilleur,Île-de-France,2019,4,20.00,0.20,0
Maquilleur,Île-de-France,2019,5,28.60,0.29,0
Maquilleur,Île-de-France,2019,6,41.25,0.41,0
Maquilleur,Île-de-France,2019,7,15.00,0.15,0
Maquilleur,Île-de-France,2019,8,30.00,0.30,0
Maquilleur,Île-de-France,2019,9,19.25,0.19,0
Maquilleur,Île-de-France,2019,10,13.00,0.13,0
Maquilleur,Île-de-France,2019,11,20.40,0.20,0
Maquilleur,Île-de-France,2020,0,33.75,0.34,0
Maquilleur,Île-de-France,2020,1,37.50,0.38,0
Maquilleur,Île-de-France,2020,2,9.80,0.10,0
Maquilleur,Île-de-France,2020,3,25.00,0.25,0
Wedding planner,Auverge-Rhône-Alpes,2018,0,8.98,0.09,0
Wedding planner,Auverge-Rhône-Alpes,2018,1,5.56,0.06,0
Wedding planner,Auverge-Rhône-Alpes,2018,2,4.66,0.05,0
Wedding planner,Auverge-Rhône-Alpes,2018,3,9.83,0.10,0
Wedding planner,Auverge-Rhône-Alpes,2018,4,11.18,0.12,0
Wedding planner,Auverge-Rhône-Alpes,2018,5,7.98,0.08,0
Wedding planner,Auverge-Rhône-Alpes,2018,6,6.59,0.07,0
Wedding planner,Auverge-Rhône-Alpes,2018,7,5.78,0.06,0
Wedding planner,Auverge-Rhône-Alpes,2018,8,10.27,0.11,0
Wedding planner,Auverge-Rhône-Alpes,2018,9,7.04,0.07,0
Wedding planner,Auverge-Rhône-Alpes,2018,10,9.40,0.09,0
Wedding planner,Auverge-Rhône-Alpes,2018,11,6.42,0.07,0
Wedding planner,Auverge-Rhône-Alpes,2019,0,5.94,0.06,0
Wedding planner,Auverge-Rhône-Alpes,2019,1,3.99,0.04,0
Wedding planner,Auverge-Rhône-Alpes,2019,2,8.66,0.09,0
Wedding planner,Auverge-Rhône-Alpes,2019,3,5.52,0.06,0
Wedding planner,Auverge-Rhône-Alpes,2019,4,6.27,0.07,0
Wedding planner,Auverge-Rhône-Alpes,2019,5,5.22,0.05,0
Wedding planner,Auverge-Rhône-Alpes,2019,6,7.28,0.08,0
Wedding planner,Auverge-Rhône-Alpes,2019,7,7.00,0.07,0
Wedding planner,Auverge-Rhône-Alpes,2019,8,10.90,0.11,0
Wedding planner,Auverge-Rhône-Alpes,2019,9,7.35,0.08,0
Wedding planner,Auverge-Rhône-Alpes,2019,10,3.68,0.04,0
Wedding planner,Auverge-Rhône-Alpes,2019,11,3.06,0.03,0
Wedding planner,Auverge-Rhône-Alpes,2020,0,5.00,0.05,0
Wedding planner,Auverge-Rhône-Alpes,2020,1,6.56,0.07,0
Wedding planner,Auverge-Rhône-Alpes,2020,2,6.04,0.06,0
Wedding planner,Auverge-Rhône-Alpes,2020,3,8.39,0.09,0
Wedding planner,Bourgogne-Franche-Comté,2018,0,1.65,0.02,0
Wedding planner,Bourgogne-Franche-Comté,2018,1,2.26,0.02,0
Wedding planner,Bourgogne-Franche-Comté,2018,2,1.00,0.01,0
Wedding planner,Bourgogne-Franche-Comté,2018,3,1.50,0.02,0
Wedding planner,Bourgogne-Franche-Comté,2018,4,1.17,0.02,0
Wedding planner,Bourgogne-Franche-Comté,2018,5,1.60,0.02,0
Wedding planner,Bourgogne-Franche-Comté,2018,6,1.11,0.01,0
Wedding planner,Bourgogne-Franche-Comté,2018,7,1.57,0.02,0
Wedding planner,Bourgogne-Franche-Comté,2018,8,1.79,0.02,0
Wedding planner,Bourgogne-Franche-Comté,2018,9,1.34,0.02,0
Wedding planner,Bourgogne-Franche-Comté,2018,10,1.26,0.02,0
Wedding planner,Bourgogne-Franche-Comté,2018,11,0.37,0.01,0
Wedding planner,Bourgogne-Franche-Comté,2019,0,1.13,0.02,0
Wedding planner,Bourgogne-Franche-Comté,2019,1,0.98,0.01,0
Wedding planner,Bourgogne-Franche-Comté,2019,2,1.31,0.01,0
Wedding planner,Bourgogne-Franche-Comté,2019,3,0.30,0.01,0
Wedding planner,Bourgogne-Franche-Comté,2019,4,2.45,0.03,0
Wedding planner,Bourgogne-Franche-Comté,2019,5,1.43,0.02,0
Wedding planner,Bourgogne-Franche-Comté,2019,6,3.69,0.04,0
Wedding planner,Bourgogne-Franche-Comté,2019,7,0.88,0.01,0
Wedding planner,Bourgogne-Franche-Comté,2019,8,2.45,0.03,0
Wedding planner,Bourgogne-Franche-Comté,2019,9,5.35,0.06,0
Wedding planner,Bourgogne-Franche-Comté,2019,10,1.27,0.02,0
Wedding planner,Bourgogne-Franche-Comté,2019,11,1.75,0.02,0
Wedding planner,Bourgogne-Franche-Comté,2020,0,2.72,0.03,0
Wedding planner,Bourgogne-Franche-Comté,2020,1,0.60,0.01,0
Wedding planner,Bourgogne-Franche-Comté,2020,2,1.06,0.01,0
Wedding planner,Bourgogne-Franche-Comté,2020,3,1.48,0.02,0
Wedding planner,Bretagne,2018,0,3.19,0.03,0
Wedding planner,Bretagne,2018,1,4.76,0.05,0
Wedding planner,Bretagne,2018,2,3.26,0.03,0
Wedding planner,Bretagne,2018,3,1.02,0.01,0
Wedding planner,Bretagne,2018,4,3.34,0.03,0
Wedding planner,Bretagne,2018,5,2.89,0.03,0
Wedding planner,Bretagne,2018,6,4.92,0.05,0
Wedding planner,Bretagne,2018,7,2.44,0.02,0
Wedding planner,Bretagne,2018,8,2.61,0.03,0
Wedding planner,Bretagne,2018,9,1.69,0.02,0
Wedding planner,Bretagne,2018,10,1.61,0.02,0
Wedding planner,Bretagne,2018,11,2.70,0.03,0
Wedding planner,Bretagne,2019,0,0.82,0.01,0
Wedding planner,Bretagne,2019,1,2.44,0.02,0
Wedding planner,Bretagne,2019,2,0.63,0.01,0
Wedding planner,Bretagne,2019,3,3.19,0.03,0
Wedding planner,Bretagne,2019,4,3.22,0.03,0
Wedding planner,Bretagne,2019,5,4.23,0.04,0
Wedding planner,Bretagne,2019,6,4.69,0.05,0
Wedding planner,Bretagne,2019,7,2.21,0.02,0
Wedding planner,Bretagne,2019,8,3.84,0.04,0
Wedding planner,Bretagne,2019,9,2.51,0.03,0
Wedding planner,Bretagne,2019,10,2.78,0.03,0
Wedding planner,Bretagne,2019,11,1.71,0.02,0
Wedding planner,Bretagne,2020,0,5.51,0.06,0
Wedding planner,Bretagne,2020,1,3.34,0.03,0
Wedding planner,Bretagne,2020,2,2.94,0.03,0
Wedding planner,Bretagne,2020,3,6.52,0.07,0
Wedding planner,Centre-Val de Loire,2018,0,5.08,0.05,0
Wedding planner,Centre-Val de Loire,2018,1,7.20,0.07,0
Wedding planner,Centre-Val de Loire,2018,2,4.44,0.04,0
Wedding planner,Centre-Val de Loire,2018,3,1.18,0.01,0
Wedding planner,Centre-Val de Loire,2018,4,4.52,0.05,0
Wedding planner,Centre-Val de Loire,2018,5,7.48,0.07,0
Wedding planner,Centre-Val de Loire,2018,6,3.71,0.04,0
Wedding planner,Centre-Val de Loire,2018,7,5.00,0.05,0
Wedding planner,Centre-Val de Loire,2018,8,3.10,0.03,0
Wedding planner,Centre-Val de Loire,2018,9,7.04,0.07,0
Wedding planner,Centre-Val de Loire,2018,10,8.96,0.09,0
Wedding planner,Centre-Val de Loire,2018,11,3.78,0.04,0
Wedding planner,Centre-Val de Loire,2019,0,5.08,0.05,0
Wedding planner,Centre-Val de Loire,2019,1,4.44,0.04,0
Wedding planner,Centre-Val de Loire,2019,2,3.62,0.04,0
Wedding planner,Centre-Val de Loire,2019,3,3.08,0.03,0
Wedding planner,Centre-Val de Loire,2019,4,7.28,0.07,0
Wedding planner,Centre-Val de Loire,2019,5,6.43,0.06,0
Wedding planner,Centre-Val de Loire,2019,6,2.24,0.02,0
Wedding planner,Centre-Val de Loire,2019,7,3.08,0.03,0
Wedding planner,Centre-Val de Loire,2019,8,5.57,0.06,0
Wedding planner,Centre-Val de Loire,2019,9,6.72,0.07,0
Wedding planner,Centre-Val de Loire,2019,10,6.64,0.07,0
Wedding planner,Centre-Val de Loire,2019,11,4.35,0.04,0
Wedding planner,Centre-Val de Loire,2020,0,3.20,0.03,0
Wedding planner,Centre-Val de Loire,2020,1,7.72,0.08,0
Wedding planner,Centre-Val de Loire,2020,2,4.83,0.05,0
Wedding planner,Centre-Val de Loire,2020,3,6.96,0.07,0
Wedding planner,Corse,2018,0,0.00,0.00,0
Wedding planner,Corse,2018,1,0.00,0.00,0
Wedding planner,Corse,2018,2,0.00,0.00,0
Wedding planner,Corse,2018,3,2.66,0.03,0
Wedding planner,Corse,2018,4,3.48,0.03,0
Wedding planner,Corse,2018,5,3.16,0.03,0
Wedding planner,Corse,2018,6,0.00,0.00,0
Wedding planner,Corse,2018,7,0.00,0.00,0
Wedding planner,Corse,2018,8,0.00,0.00,0
Wedding planner,Corse,2018,9,3.56,0.04,0
Wedding planner,Corse,2018,10,0.00,0.00,0
Wedding planner,Corse,2018,11,0.00,0.00,0
Wedding planner,Corse,2019,0,0.00,0.00,0
Wedding planner,Corse,2019,1,4.00,0.04,0
Wedding planner,Corse,2019,2,0.00,0.00,0
Wedding planner,Corse,2019,3,3.72,0.04,0
Wedding planner,Corse,2019,4,3.44,0.03,0
Wedding planner,Corse,2019,5,0.00,0.00,0
Wedding planner,Corse,2019,6,0.00,0.00,0
Wedding planner,Corse,2019,7,2.28,0.02,0
Wedding planner,Corse,2019,8,4.77,0.05,0
Wedding planner,Corse,2019,9,3.40,0.03,0
Wedding planner,Corse,2019,10,0.00,0.00,0
Wedding planner,Corse,2019,11,0.00,0.00,0
Wedding planner,Corse,2020,0,0.00,0.00,0
Wedding planner,Corse,2020,1,3.40,0.03,0
Wedding planner,Corse,2020,2,0.00,0.00,0
Wedding planner,Corse,2020,3,0.00,0.00,0
Wedding planner,France,2018,0,57.25,0.57,1
Wedding planner,France,2018,1,69.25,0.69,1
Wedding planner,France,2018,2,37.25,0.37,1
Wedding planner,France,2018,3,44.60,0.45,1
Wedding planner,France,2018,4,53.00,0.53,1
Wedding planner,France,2018,5,51.25,0.51,1
Wedding planner,France,2018,6,51.40,0.51,1
Wedding planner,France,2018,7,52.50,0.52,1
Wedding planner,France,2018,8,58.80,0.59,1
Wedding planner,France,2018,9,55.00,0.55,1
Wedding planner,France,2018,10,52.25,0.52,1
Wedding planner,France,2018,11,46.40,0.46,1
Wedding planner,France,2019,0,43.25,0.43,1
Wedding planner,France,2019,1,54.25,0.54,1
Wedding planner,France,2019,2,41.80,0.42,1
Wedding planner,France,2019,3,39.25,0.39,1
Wedding planner,France,2019,4,53.25,0.53,1
Wedding planner,France,2019,5,46.80,0.47,1
Wedding planner,France,2019,6,52.50,0.52,1
Wedding planner,France,2019,7,49.50,0.50,1
Wedding planner,France,2019,8,61.40,0.61,1
Wedding planner,France,2019,9,59.25,0.59,1
Wedding planner,France,2019,10,43.25,0.43,1
Wedding planner,France,2019,11,35.00,0.35,1
Wedding planner,France,2020,0,44.00,0.44,1
Wedding planner,France,2020,1,48.75,0.49,1
Wedding planner,France,2020,2,35.20,0.35,1
Wedding planner,France,2020,3,41.00,0.41,1
Wedding planner,Grand-Est,2018,0,3.05,0.03,0
Wedding planner,Grand-Est,2018,1,3.68,0.04,0
Wedding planner,Grand-Est,2018,2,3.23,0.03,0
Wedding planner,Grand-Est,2018,3,0.77,0.01,0
Wedding planner,Grand-Est,2018,4,1.59,0.02,0
Wedding planner,Grand-Est,2018,5,3.38,0.03,0
Wedding planner,Grand-Est,2018,6,2.93,0.03,0
Wedding planner,Grand-Est,2018,7,2.91,0.03,0
Wedding planner,Grand-Est,2018,8,2.81,0.03,0
Wedding planner,Grand-Est,2018,9,3.54,0.04,0
Wedding planner,Grand-Est,2018,10,2.33,0.02,0
Wedding planner,Grand-Est,2018,11,0.89,0.01,0
Wedding planner,Grand-Est,2019,0,2.26,0.02,0
Wedding planner,Grand-Est,2019,1,1.20,0.01,0
Wedding planner,Grand-Est,2019,2,1.44,0.02,0
Wedding planner,Grand-Est,2019,3,0.67,0.01,0
Wedding planner,Grand-Est,2019,4,1.76,0.02,0
Wedding planner,Grand-Est,2019,5,1.55,0.02,0
Wedding planner,Grand-Est,2019,6,3.24,0.03,0
Wedding planner,Grand-Est,2019,7,3.99,0.04,0
Wedding planner,Grand-Est,2019,8,2.39,0.03,0
Wedding planner,Grand-Est,2019,9,1.60,0.02,0
Wedding planner,Grand-Est,2019,10,2.05,0.02,0
Wedding planner,Grand-Est,2019,11,2.27,0.02,0
Wedding planner,Grand-Est,2020,0,3.23,0.03,0
Wedding planner,Grand-Est,2020,1,3.19,0.03,0
Wedding planner,Grand-Est,2020,2,1.31,0.01,0
Wedding planner,Grand-Est,2020,3,3.13,0.03,0
Wedding planner,Hauts-de-France,2018,0,2.54,0.03,0
Wedding planner,Hauts-de-France,2018,1,2.36,0.03,0
Wedding planner,Hauts-de-France,2018,2,1.63,0.02,0
Wedding planner,Hauts-de-France,2018,3,1.94,0.02,0
Wedding planner,Hauts-de-France,2018,4,2.38,0.03,0
Wedding planner,Hauts-de-France,2018,5,2.56,0.03,0
Wedding planner,Hauts-de-France,2018,6,1.86,0.02,0
Wedding planner,Hauts-de-France,2018,7,2.13,0.02,0
Wedding planner,Hauts-de-France,2018,8,5.50,0.06,0
Wedding planner,Hauts-de-France,2018,9,1.52,0.02,0
Wedding planner,Hauts-de-France,2018,10,1.79,0.02,0
Wedding planner,Hauts-de-France,2018,11,1.72,0.02,0
Wedding planner,Hauts-de-France,2019,0,1.11,0.02,0
Wedding planner,Hauts-de-France,2019,1,0.63,0.01,0
Wedding planner,Hauts-de-France,2019,2,1.75,0.02,0
Wedding planner,Hauts-de-France,2019,3,1.27,0.02,0
Wedding planner,Hauts-de-France,2019,4,3.60,0.04,0
Wedding planner,Hauts-de-France,2019,5,2.99,0.03,0
Wedding planner,Hauts-de-France,2019,6,2.37,0.03,0
Wedding planner,Hauts-de-France,2019,7,2.42,0.03,0
Wedding planner,Hauts-de-France,2019,8,2.80,0.03,0
Wedding planner,Hauts-de-France,2019,9,3.58,0.04,0
Wedding planner,Hauts-de-France,2019,10,2.19,0.02,0
Wedding planner,Hauts-de-France,2019,11,1.49,0.02,0
Wedding planner,Hauts-de-France,2020,0,1.66,0.02,0
Wedding planner,Hauts-de-France,2020,1,2.85,0.03,0
Wedding planner,Hauts-de-France,2020,2,2.06,0.02,0
Wedding planner,Hauts-de-France,2020,3,4.26,0.05,0
Wedding planner,Normandie,2018,0,7.68,0.08,0
Wedding planner,Normandie,2018,1,8.08,0.08,0
Wedding planner,Normandie,2018,2,2.80,0.03,0
Wedding planner,Normandie,2018,3,0.67,0.01,0
Wedding planner,Normandie,2018,4,2.00,0.02,0
Wedding planner,Normandie,2018,5,4.36,0.04,0
Wedding planner,Normandie,2018,6,1.54,0.02,0
Wedding planner,Normandie,2018,7,3.84,0.04,0
Wedding planner,Normandie,2018,8,0.00,0.00,0
Wedding planner,Normandie,2018,9,0.00,0.00,0
Wedding planner,Normandie,2018,10,2.80,0.03,0
Wedding planner,Normandie,2018,11,0.00,0.00,0
Wedding planner,Normandie,2019,0,0.80,0.01,0
Wedding planner,Normandie,2019,1,3.76,0.04,0
Wedding planner,Normandie,2019,2,5.41,0.05,0
Wedding planner,Normandie,2019,3,3.60,0.04,0
Wedding planner,Normandie,2019,4,4.68,0.05,0
Wedding planner,Normandie,2019,5,2.69,0.03,0
Wedding planner,Normandie,2019,6,0.00,0.00,0
Wedding planner,Normandie,2019,7,2.56,0.03,0
Wedding planner,Normandie,2019,8,2.91,0.03,0
Wedding planner,Normandie,2019,9,3.32,0.03,0
Wedding planner,Normandie,2019,10,2.40,0.02,0
Wedding planner,Normandie,2019,11,2.43,0.02,0
Wedding planner,Normandie,2020,0,4.04,0.04,0
Wedding planner,Normandie,2020,1,4.92,0.05,0
Wedding planner,Normandie,2020,2,1.09,0.01,0
Wedding planner,Normandie,2020,3,6.72,0.07,0
Wedding planner,Nouvelle-Aquitaine,2018,0,6.56,0.06,0
Wedding planner,Nouvelle-Aquitaine,2018,1,11.04,0.11,0
Wedding planner,Nouvelle-Aquitaine,2018,2,5.23,0.05,0
Wedding planner,Nouvelle-Aquitaine,2018,3,5.79,0.06,0
Wedding planner,Nouvelle-Aquitaine,2018,4,5.81,0.06,0
Wedding planner,Nouvelle-Aquitaine,2018,5,6.09,0.06,0
Wedding planner,Nouvelle-Aquitaine,2018,6,5.91,0.06,0
Wedding planner,Nouvelle-Aquitaine,2018,7,10.14,0.10,0
Wedding planner,Nouvelle-Aquitaine,2018,8,16.94,0.17,0
Wedding planner,Nouvelle-Aquitaine,2018,9,5.59,0.05,0
Wedding planner,Nouvelle-Aquitaine,2018,10,17.30,0.17,0
Wedding planner,Nouvelle-Aquitaine,2018,11,8.06,0.08,0
Wedding planner,Nouvelle-Aquitaine,2019,0,14.11,0.14,0
Wedding planner,Nouvelle-Aquitaine,2019,1,5.26,0.05,0
Wedding planner,Nouvelle-Aquitaine,2019,2,7.57,0.08,0
Wedding planner,Nouvelle-Aquitaine,2019,3,2.05,0.02,0
Wedding planner,Nouvelle-Aquitaine,2019,4,9.41,0.09,0
Wedding planner,Nouvelle-Aquitaine,2019,5,11.65,0.12,0
Wedding planner,Nouvelle-Aquitaine,2019,6,4.93,0.05,0
Wedding planner,Nouvelle-Aquitaine,2019,7,6.63,0.06,0
Wedding planner,Nouvelle-Aquitaine,2019,8,11.35,0.11,0
Wedding planner,Nouvelle-Aquitaine,2019,9,9.87,0.10,0
Wedding planner,Nouvelle-Aquitaine,2019,10,12.47,0.13,0
Wedding planner,Nouvelle-Aquitaine,2019,11,18.16,0.18,0
Wedding planner,Nouvelle-Aquitaine,2020,0,6.51,0.06,0
Wedding planner,Nouvelle-Aquitaine,2020,1,13.96,0.14,0
Wedding planner,Nouvelle-Aquitaine,2020,2,8.93,0.09,0
Wedding planner,Nouvelle-Aquitaine,2020,3,14.53,0.14,0
Wedding planner,Occitanie,2018,0,8.24,0.08,0
Wedding planner,Occitanie,2018,1,7.02,0.07,0
Wedding planner,Occitanie,2018,2,5.96,0.06,0
Wedding planner,Occitanie,2018,3,2.13,0.02,0
Wedding planner,Occitanie,2018,4,7.33,0.08,0
Wedding planner,Occitanie,2018,5,7.52,0.08,0
Wedding planner,Occitanie,2018,6,5.55,0.06,0
Wedding planner,Occitanie,2018,7,6.96,0.07,0
Wedding planner,Occitanie,2018,8,8.07,0.08,0
Wedding planner,Occitanie,2018,9,5.60,0.06,0
Wedding planner,Occitanie,2018,10,5.73,0.06,0
Wedding planner,Occitanie,2018,11,4.17,0.04,0
Wedding planner,Occitanie,2019,0,5.61,0.06,0
Wedding planner,Occitanie,2019,1,6.53,0.07,0
Wedding planner,Occitanie,2019,2,6.93,0.07,0
Wedding planner,Occitanie,2019,3,6.34,0.06,0
Wedding planner,Occitanie,2019,4,3.28,0.04,0
Wedding planner,Occitanie,2019,5,4.60,0.05,0
Wedding planner,Occitanie,2019,6,1.99,0.02,0
Wedding planner,Occitanie,2019,7,9.43,0.10,0
Wedding planner,Occitanie,2019,8,6.88,0.07,0
Wedding planner,Occitanie,2019,9,7.55,0.08,0
Wedding planner,Occitanie,2019,10,4.24,0.04,0
Wedding planner,Occitanie,2019,11,5.45,0.06,0
Wedding planner,Occitanie,2020,0,5.30,0.05,0
Wedding planner,Occitanie,2020,1,5.78,0.06,0
Wedding planner,Occitanie,2020,2,5.03,0.05,0
Wedding planner,Occitanie,2020,3,0.00,0.00,0
Wedding planner,Pays de la Loire,2018,0,4.62,0.05,0
Wedding planner,Pays de la Loire,2018,1,6.72,0.07,0
Wedding planner,Pays de la Loire,2018,2,3.29,0.03,0
Wedding planner,Pays de la Loire,2018,3,3.50,0.04,0
Wedding planner,Pays de la Loire,2018,4,1.82,0.02,0
Wedding planner,Pays de la Loire,2018,5,3.88,0.04,0
Wedding planner,Pays de la Loire,2018,6,2.88,0.03,0
Wedding planner,Pays de la Loire,2018,7,2.94,0.03,0
Wedding planner,Pays de la Loire,2018,8,3.72,0.04,0
Wedding planner,Pays de la Loire,2018,9,4.94,0.05,0
Wedding planner,Pays de la Loire,2018,10,4.38,0.04,0
Wedding planner,Pays de la Loire,2018,11,1.68,0.02,0
Wedding planner,Pays de la Loire,2019,0,2.63,0.03,0
Wedding planner,Pays de la Loire,2019,1,4.31,0.04,0
Wedding planner,Pays de la Loire,2019,2,2.02,0.02,0
Wedding planner,Pays de la Loire,2019,3,3.68,0.04,0
Wedding planner,Pays de la Loire,2019,4,6.90,0.07,0
Wedding planner,Pays de la Loire,2019,5,3.47,0.03,0
Wedding planner,Pays de la Loire,2019,6,4.97,0.05,0
Wedding planner,Pays de la Loire,2019,7,3.82,0.04,0
Wedding planner,Pays de la Loire,2019,8,5.10,0.05,0
Wedding planner,Pays de la Loire,2019,9,3.88,0.04,0
Wedding planner,Pays de la Loire,2019,10,3.40,0.03,0
Wedding planner,Pays de la Loire,2019,11,1.23,0.01,0
Wedding planner,Pays de la Loire,2020,0,3.99,0.04,0
Wedding planner,Pays de la Loire,2020,1,3.26,0.03,0
Wedding planner,Pays de la Loire,2020,2,3.14,0.03,0
Wedding planner,Pays de la Loire,2020,3,2.94,0.03,0
Wedding planner,Provence-Alpes-Côte d'Azur,2018,0,17.31,0.17,0
Wedding planner,Provence-Alpes-Côte d'Azur,2018,1,12.36,0.12,0
Wedding planner,Provence-Alpes-Côte d'Azur,2018,2,7.10,0.07,0
Wedding planner,Provence-Alpes-Côte d'Azur,2018,3,12.47,0.12,0
Wedding planner,Provence-Alpes-Côte d'Azur,2018,4,13.01,0.13,0
Wedding planner,Provence-Alpes-Côte d'Azur,2018,5,16.02,0.16,0
Wedding planner,Provence-Alpes-Côte d'Azur,2018,6,15.31,0.15,0
Wedding planner,Provence-Alpes-Côte d'Azur,2018,7,12.15,0.12,0
Wedding planner,Provence-Alpes-Côte d'Azur,2018,8,10.92,0.11,0
Wedding planner,Provence-Alpes-Côte d'Azur,2018,9,20.32,0.20,0
Wedding planner,Provence-Alpes-Côte d'Azur,2018,10,16.88,0.17,0
Wedding planner,Provence-Alpes-Côte d'Azur,2018,11,8.69,0.09,0
Wedding planner,Provence-Alpes-Côte d'Azur,2019,0,9.78,0.10,0
Wedding planner,Provence-Alpes-Côte d'Azur,2019,1,23.86,0.24,0
Wedding planner,Provence-Alpes-Côte d'Azur,2019,2,17.46,0.17,0
Wedding planner,Provence-Alpes-Côte d'Azur,2019,3,8.06,0.08,0
Wedding planner,Provence-Alpes-Côte d'Azur,2019,4,10.64,0.11,0
Wedding planner,Provence-Alpes-Côte d'Azur,2019,5,17.20,0.17,0
Wedding planner,Provence-Alpes-Côte d'Azur,2019,6,14.73,0.15,0
Wedding planner,Provence-Alpes-Côte d'Azur,2019,7,15.16,0.15,0
Wedding planner,Provence-Alpes-Côte d'Azur,2019,8,17.46,0.17,0
Wedding planner,Provence-Alpes-Côte d'Azur,2019,9,18.17,0.18,0
Wedding planner,Provence-Alpes-Côte d'Azur,2019,10,13.54,0.14,0
Wedding planner,Provence-Alpes-Côte d'Azur,2019,11,12.81,0.13,0
Wedding planner,Provence-Alpes-Côte d'Azur,2020,0,12.58,0.13,0
Wedding planner,Provence-Alpes-Côte d'Azur,2020,1,13.33,0.13,0
Wedding planner,Provence-Alpes-Côte d'Azur,2020,2,11.18,0.11,0
Wedding planner,Provence-Alpes-Côte d'Azur,2020,3,8.17,0.08,0
Wedding planner,Île-de-France,2018,0,37.80,0.38,0
Wedding planner,Île-de-France,2018,1,44.64,0.45,0
Wedding planner,Île-de-France,2018,2,23.22,0.23,0
Wedding planner,Île-de-France,2018,3,23.47,0.23,0
Wedding planner,Île-de-France,2018,4,30.06,0.30,0
Wedding planner,Île-de-France,2018,5,25.20,0.25,0
Wedding planner,Île-de-France,2018,6,16.70,0.17,0
Wedding planner,Île-de-France,2018,7,40.32,0.40,0
Wedding planner,Île-de-France,2018,8,42.77,0.43,0
Wedding planner,Île-de-France,2018,9,31.14,0.31,0
Wedding planner,Île-de-France,2018,10,32.40,0.32,0
Wedding planner,Île-de-France,2018,11,34.13,0.34,0
Wedding planner,Île-de-France,2019,0,50.58,0.51,0
Wedding planner,Île-de-France,2019,1,39.24,0.39,0
Wedding planner,Île-de-France,2019,2,36.00,0.36,0
Wedding planner,Île-de-France,2019,3,19.80,0.20,0
Wedding planner,Île-de-France,2019,4,39.60,0.40,0
Wedding planner,Île-de-France,2019,5,27.94,0.28,0
Wedding planner,Île-de-France,2019,6,42.66,0.43,0
Wedding planner,Île-de-France,2019,7,33.30,0.33,0
Wedding planner,Île-de-France,2019,8,41.76,0.42,0
Wedding planner,Île-de-France,2019,9,42.66,0.43,0
Wedding planner,Île-de-France,2019,10,28.44,0.28,0
Wedding planner,Île-de-France,2019,11,29.81,0.30,0
Wedding planner,Île-de-France,2020,0,21.78,0.22,0
Wedding planner,Île-de-France,2020,1,39.60,0.40,0
Wedding planner,Île-de-France,2020,2,35.14,0.35,0
Wedding planner,Île-de-France,2020,3,25.92,0.26,0